author_brief,post_detail,post,post_time,author
演员、导演邓超<br>,https://m.weibo.cn/status/Gu8YpgQJz?mblogid=Gu8YpgQJz&luicode=10000011&lfid=1076035187664653,"她叫小徐，刚刚和我同班飞机上海到北京，她说原本订了你上海演唱会的票可是取消了，就推迟了回芝加哥的时间赶来北京看你今晚的演唱会。她说在纽约也听过你的演唱会，坐在第一排。她说她昨晚激动的只睡了四个小时。我问她第一次听你的歌是什么时候？她说《北斗星的爱》，一晃十年过去了，她觉得这十年你 ​​​...<a href=""/status/4271843374015961"">全文</a>",08-11,邓超
演员、导演邓超<br>,https://m.weibo.cn/status/Gu8YpgQJz?mblogid=Gu8YpgQJz&luicode=10000011&lfid=1076035187664653,"她叫小徐，刚刚和我同班飞机上海到北京，她说原本订了你上海演唱会的票可是取消了，就推迟了回芝加哥的时间赶来北京看你今晚的演唱会。她说在纽约也听过你的演唱会，坐在第一排。她说她昨晚激动的只睡了四个小时。我问她第一次听你的歌是什么时候？她说《北斗星的爱》，一晃十年过去了，她觉得这十年你 ​​​...<a href=""/status/4271843374015961"">全文</a>",08-11,邓超
演员、导演邓超<br>,https://m.weibo.cn/status/Gu0kV0Uip?mblogid=Gu0kV0Uip&luicode=10000011&lfid=1076035187664653,"<a href='/n/陈赫'>@陈赫</a> <span class=""url-icon""><img alt=""[doge]"" src=""//h5.sinaimg.cn/m/emoticon/icon/others/d_doge-d903433c82.png"" style=""width:1em; height:1em;""/></span> ​​​",08-10,邓超
演员、导演邓超<br>,https://m.weibo.cn/status/GtAnODfin?mblogid=GtAnODfin&luicode=10000011&lfid=1076035187664653,陈赫说他的偶像是黄渤。 ​​​,08-07,邓超
漫画作者  代表作《合法同居》<br>喜欢一个人静静的拉屎。,https://m.weibo.cn/status/GuMMUaORr?mblogid=GuMMUaORr&luicode=10000011&lfid=1076031293100555,买空气净化器，网站送了个小型蓝牙智能音响。Z刚才问它：你除了放歌还能做什么？它开始播放歌曲《我还能做什么》……<a href='/n/野生Z君'>@野生Z君</a> ​​​,20小时前,bless
漫画作者  代表作《合法同居》<br>喜欢一个人静静的拉屎。,https://m.weibo.cn/status/GuMMUaORr?mblogid=GuMMUaORr&luicode=10000011&lfid=1076031293100555,买空气净化器，网站送了个小型蓝牙智能音响。Z刚才问它：你除了放歌还能做什么？它开始播放歌曲《我还能做什么》……<a href='/n/野生Z君'>@野生Z君</a> ​​​,20小时前,bless
漫画作者  代表作《合法同居》<br>喜欢一个人静静的拉屎。,https://m.weibo.cn/status/Gutjgy6nd?mblogid=Gutjgy6nd&luicode=10000011&lfid=1076031293100555,？？？？ ​​​,08-13,bless
漫画作者  代表作《合法同居》<br>喜欢一个人静静的拉屎。,https://m.weibo.cn/status/GusrBmgdB?mblogid=GusrBmgdB&luicode=10000011&lfid=1076031293100555,去买T恤，试了好几件。回家裤子脱了才发现不知道哪件的标签掉了，一直贴在屁股上。 ​​​,08-13,bless
漫画作者  代表作《合法同居》<br>喜欢一个人静静的拉屎。,https://m.weibo.cn/status/GumYnoWxi?mblogid=GumYnoWxi&luicode=10000011&lfid=1076031293100555,想睡觉，懒得洗澡刷牙铺床铲屎喝水关灯脱衣服。。 ​​​,08-13,bless
漫画作者  代表作《合法同居》<br>喜欢一个人静静的拉屎。,https://m.weibo.cn/status/GuhDg60lu?mblogid=GuhDg60lu&luicode=10000011&lfid=1076031293100555,"<a  href=""https://m.weibo.cn/p/index?containerid=100808e94143603935a57b9ccf3c15c7d2a00b&extparam=%E5%90%88%E6%B3%95%E5%90%8C%E5%B1%85&luicode=10000011&lfid=1076031293100555"" data-hide=""""><span class='url-icon'><img style='width: 1rem;height: 1rem' src='https://h5.sinaimg.cn/upload/1000/8/2018/04/20/super_default.png'></span><span class=""surl-text"">合法同居</span></a> 停更番外（临时赶出来…… ​​​",08-12,bless
漫画作者  代表作《合法同居》<br>喜欢一个人静静的拉屎。,https://m.weibo.cn/status/Gu85ky8wN?mblogid=Gu85ky8wN&luicode=10000011&lfid=1076031293100555,"<span class=""url-icon""><img alt=""[爱你]"" src=""//h5.sinaimg.cn/m/emoticon/icon/default/d_aini-2b6c9354c7.png"" style=""width:1em; height:1em;""/></span><span class=""url-icon""><img alt=""[爱你]"" src=""//h5.sinaimg.cn/m/emoticon/icon/default/d_aini-2b6c9354c7.png"" style=""width:1em; height:1em;""/></span><span class=""url-icon""><img alt=""[爱你]"" src=""//h5.sinaimg.cn/m/emoticon/icon/default/d_aini-2b6c9354c7.png"" style=""width:1em; height:1em;""/></span>收到了我喜的钥匙扣！！！超可爱超少女心舍不得用！！准备收藏起来！！！<a href='/n/_宇智波四喜_'>@_宇智波四喜_</a> ​​​",08-11,bless
知名互联网资讯博主<br>合作QQ510685164,https://m.weibo.cn/status/GoWKlzQmh?mblogid=GoWKlzQmh&luicode=10000011&lfid=1076032077160910,"捞一下我的网站，大家找东西可以去里面找哦，【秒杀宝】<a data-url=""http://t.cn/RVYVSiO"" target=""_blank"" href=""https://weibo.cn/sinaurl/blocked893ee1c4?luicode=10000011&lfid=1076032077160910&u=http%3A%2F%2Fwww.miaoshabuy.com%2F"" class=""""><span class='url-icon'><img style='width: 1rem;height: 1rem' src='//h5.sinaimg.cn/upload/2015/09/25/3/timeline_card_small_web_default.png'></span><span class=""surl-text"">网页链接</span></a>",07-08,秒杀排行榜
知名互联网资讯博主<br>合作QQ510685164,https://m.weibo.cn/status/GoWKlzQmh?mblogid=GoWKlzQmh&luicode=10000011&lfid=1076032077160910,"捞一下我的网站，大家找东西可以去里面找哦，【秒杀宝】<a data-url=""http://t.cn/RVYVSiO"" target=""_blank"" href=""https://weibo.cn/sinaurl/blocked893ee1c4?luicode=10000011&lfid=1076032077160910&u=http%3A%2F%2Fwww.miaoshabuy.com%2F"" class=""""><span class='url-icon'><img style='width: 1rem;height: 1rem' src='//h5.sinaimg.cn/upload/2015/09/25/3/timeline_card_small_web_default.png'></span><span class=""surl-text"">网页链接</span></a>",07-08,秒杀排行榜
知名娱乐博主<br>个人号 非宋民国本人,https://m.weibo.cn/status/GmiiybGje?mblogid=GmiiybGje&luicode=10000011&lfid=1076035592252471,"支付宝领红包升级！可以保存二维码！右边的扫一扫领5元红包喔～<br />领完通用红包后继续领取余额宝红包！大家一起来玩儿啊！看看谁扫得最多<span class=""url-icon""><img alt=""[憧憬]"" src=""//h5.sinaimg.cn/m/emoticon/icon/default/d_xingxingyan-34ecaee809.png"" style=""width:1em; height:1em;""/></span> ​​​",06-20,宋民国
知名娱乐博主<br>个人号 非宋民国本人,https://m.weibo.cn/status/GuUGSu19s?mblogid=GuUGSu19s&luicode=10000011&lfid=1076035592252471,"<a  href=""https://m.weibo.cn/p/index?containerid=100808f9964700611d3a0da2ede321b7ca12e4&extparam=%E5%AE%8B%E5%AE%B6%E4%B8%89%E8%83%9E%E8%83%8E&luicode=10000011&lfid=1076035592252471"" data-hide=""""><span class='url-icon'><img style='width: 1rem;height: 1rem' src='https://h5.sinaimg.cn/upload/1000/8/2018/04/20/super_default.png'></span><span class=""surl-text"">宋家三胞胎</span></a><a  href=""https://m.weibo.cn/p/searchall?containerid=231522type%3D1%26q%3D%23%E5%AE%8B%E6%B0%91%E5%9B%BD%23%26t%3D10&isnewpage=1&luicode=10000011&lfid=1076035592252471"" data-hide=""""><span class=""surl-text"">#宋民国#</span></a> 究竟是什么地方让民咕咕和万岁疯狂哭泣呢？<span class=""url-icon""><img alt=""[并不简单]"" src=""//h5.sinaimg.cn/m/emoticon/icon/default/d_bingbujiandan-3344440c43.png"" style=""width:1em; height:1em;""/></span> <a data-url=""http://t.cn/RkPax9Y"" href=""https://m.weibo.cn/p/index?containerid=2304444273677546518671&url_type=39&object_type=video&pos=1&luicode=10000011&lfid=1076035592252471"" data-hide=""""><span class='url-icon'><img style='width: 1rem;height: 1rem' src='https://h5.sinaimg.cn/upload/2015/09/25/3/timeline_card_small_video_default.png'></span><span class=""surl-text"">宋民国的秒拍视频</span></a> ​​​",34分钟前,宋民国
知名娱乐博主<br>个人号 非宋民国本人,https://m.weibo.cn/status/GuTfO3wE6?mblogid=GuTfO3wE6&luicode=10000011&lfid=1076035592252471,"<a  href=""https://m.weibo.cn/p/searchall?containerid=231522type%3D1%26q%3D%23%E7%A9%BA%E6%89%8B%E5%A5%97%E8%A1%A8%E6%83%85%23%26t%3D10&extparam=%23%E7%A9%BA%E6%89%8B%E5%A5%97%E8%A1%A8%E6%83%85%23&luicode=10000011&lfid=1076035592252471"" data-hide=""""><span class=""surl-text"">#空手套表情#</span></a> 哈哈哈哈哈哈哈哈哈哈哈哈哈哈哈我真的超爱德善和狗焕！ ​​​",4小时前,宋民国
演员、导演邓超<br>,https://m.weibo.cn/status/GqYYmxEw9?mblogid=GqYYmxEw9&luicode=10000011&lfid=1076035187664653,"一天1公斤跟玩似的<span class=""url-icon""><img alt=""[酷]"" src=""//h5.sinaimg.cn/m/emoticon/icon/default/d_ku-fbfdf1f09a.png"" style=""width:1em; height:1em;""/></span><span class=""url-icon""><img alt=""[酷]"" src=""//h5.sinaimg.cn/m/emoticon/icon/default/d_ku-fbfdf1f09a.png"" style=""width:1em; height:1em;""/></span><span class=""url-icon""><img alt=""[酷]"" src=""//h5.sinaimg.cn/m/emoticon/icon/default/d_ku-fbfdf1f09a.png"" style=""width:1em; height:1em;""/></span> ​​​",07-21,邓超
演员、导演邓超<br>,https://m.weibo.cn/status/GqsZSbS5J?mblogid=GqsZSbS5J&luicode=10000011&lfid=1076035187664653,"9月30日 <a data-url=""http://t.cn/RgaMTTt"" href=""https://m.weibo.cn/p/index?containerid=2304444263079845018232&url_type=39&object_type=video&pos=1&luicode=10000011&lfid=1076035187664653"" data-hide=""""><span class='url-icon'><img style='width: 1rem;height: 1rem' src='https://h5.sinaimg.cn/upload/2015/09/25/3/timeline_card_small_video_default.png'></span><span class=""surl-text"">邓超的秒拍视频</span></a> ​​​",07-18,邓超
演员、导演邓超<br>,https://m.weibo.cn/status/GqkMM5h4z?mblogid=GqkMM5h4z&luicode=10000011&lfid=1076035187664653,哭过笑过，<br />甘苦与共，<br />历经风雨，<br />一生同行。<br />13岁，<br />炒米，<br />我的家人，<br />生日快乐。 ​​​,07-17,邓超
漫画作者  代表作《合法同居》<br>喜欢一个人静静的拉屎。,https://m.weibo.cn/status/GtXESF5kg?mblogid=GtXESF5kg&luicode=10000011&lfid=1076031293100555,。。 ​​​,08-10,bless
漫画作者  代表作《合法同居》<br>喜欢一个人静静的拉屎。,https://m.weibo.cn/status/GtSvvqIhg?mblogid=GtSvvqIhg&luicode=10000011&lfid=1076031293100555,硬盘一坏！！电脑里什么都没了！！什么都！！！吃十斤烧烤都补不回来了！！！ ​​​,08-09,bless
漫画作者  代表作《合法同居》<br>喜欢一个人静静的拉屎。,https://m.weibo.cn/status/GtRVXCkNM?mblogid=GtRVXCkNM&luicode=10000011&lfid=1076031293100555,"<span class=""url-icon""><img alt=""[心]"" src=""//h5.sinaimg.cn/m/emoticon/icon/others/l_xin-8e9a1a0346.png"" style=""width:1em; height:1em;""/></span>",08-09,bless
知名互联网资讯博主<br>合作QQ510685164,https://m.weibo.cn/status/GuUTosgKe?mblogid=GuUTosgKe&luicode=10000011&lfid=1076032077160910,【59.9】御泥坊 控油火山泥浆260g ，<br />这款清洁和控油都挺不错的，第一次用可能会有刺痛的感觉，所以用完以后建议做个补水保湿的工作 ​​​,3分钟前,秒杀排行榜
知名互联网资讯博主<br>合作QQ510685164,https://m.weibo.cn/status/GuUP4ajuV?mblogid=GuUP4ajuV&luicode=10000011&lfid=1076032077160910,【6.9】colourfeel 美妆蛋3个，送一个支架，这个我觉得旅行出差，应急用都还不错，脏了就直接扔了换个新的，也不会心疼 ​​​,14分钟前,秒杀排行榜
知名娱乐博主<br>个人号 非宋民国本人,https://m.weibo.cn/status/GuSUejXBA?mblogid=GuSUejXBA&luicode=10000011&lfid=1076035592252471,哈哈哈哈哈这组情侣头像我怕了 好有魔性啊 ​​​,5小时前,宋民国
知名娱乐博主<br>个人号 非宋民国本人,https://m.weibo.cn/status/GuRH0lyHr?mblogid=GuRH0lyHr&luicode=10000011&lfid=1076035592252471,早起扫一扫哦,8小时前,宋民国
知名娱乐博主<br>个人号 非宋民国本人,https://m.weibo.cn/status/GuNFklJ0g?mblogid=GuNFklJ0g&luicode=10000011&lfid=1076035592252471,"<a  href=""https://m.weibo.cn/p/searchall?containerid=231522type%3D1%26q%3D%23%E9%87%8D%E6%B8%A9%E5%8F%A4%E6%97%A9%E9%9F%A9%E5%89%A7%23%26t%3D10&extparam=%23%E9%87%8D%E6%B8%A9%E5%8F%A4%E6%97%A9%E9%9F%A9%E5%89%A7%23&luicode=10000011&lfid=1076035592252471"" data-hide=""""><span class=""surl-text"">#重温古早韩剧#</span></a> 不知道你们有没有看过这个韩剧 算是很早之前的了这一段真的太好笑了哈哈哈哈哈哈哈哈哈哈哈哈哈哈哈哈哈哈哈哈哈哈哈 <a data-url=""http://t.cn/RDkj0uZ"" href=""https://m.weibo.cn/p/index?containerid=2304444273407466917353&url_type=39&object_type=video&pos=1&luicode=10000011&lfid=1076035592252471"" data-hide=""""><span class='url-icon'><img style='width: 1rem;height: 1rem' src='https://h5.sinaimg.cn/upload/2015/09/25/3/timeline_card_small_video_default.png'></span><span class=""surl-text"">宋民国的秒拍视频</span></a> ​​​",18小时前,宋民国
微博知名财经博主<br>请粉丝谨慎发言，莫谈国事，不谈房价。旗帜鲜明反对高房价。,https://m.weibo.cn/status/GrfwWnLBz?mblogid=GrfwWnLBz&luicode=10000011&lfid=1076031565668374,"为什么汇率贬值不会增加出口？<br />        很多人以为，本币贬值，出口就会重新兴旺发达，这是癔症了。假设本币兑美元现在是1: 6，一个插头成本是6元人民币，出口价1美元就不亏了，贬值到1:9，那只要0.65美元就可以出口了，貌似竞争力就大大加强了。其实这种是在校生水平。<br /><br />        一，人民币贬值会肯定 ​​​...<a href=""/status/4264945585664541"">全文</a>",07-23,财宝宝
微博知名财经博主<br>请粉丝谨慎发言，莫谈国事，不谈房价。旗帜鲜明反对高房价。,https://m.weibo.cn/status/GrfwWnLBz?mblogid=GrfwWnLBz&luicode=10000011&lfid=1076031565668374,"为什么汇率贬值不会增加出口？<br />        很多人以为，本币贬值，出口就会重新兴旺发达，这是癔症了。假设本币兑美元现在是1: 6，一个插头成本是6元人民币，出口价1美元就不亏了，贬值到1:9，那只要0.65美元就可以出口了，貌似竞争力就大大加强了。其实这种是在校生水平。<br /><br />        一，人民币贬值会肯定 ​​​...<a href=""/status/4264945585664541"">全文</a>",07-23,财宝宝
微博知名财经博主<br>请粉丝谨慎发言，莫谈国事，不谈房价。旗帜鲜明反对高房价。,https://m.weibo.cn/status/GuUSltMnE?mblogid=GuUSltMnE&luicode=10000011&lfid=1076031565668374,奥克兰唐人街，好像我老家六安啊！ ​​​,6分钟前,财宝宝
微博知名财经博主<br>请粉丝谨慎发言，莫谈国事，不谈房价。旗帜鲜明反对高房价。,https://m.weibo.cn/status/GuUNP4h6f?mblogid=GuUNP4h6f&luicode=10000011&lfid=1076031565668374,转发微博,17分钟前,财宝宝
微博原创视频博主 搞笑视频自媒体<br>我是你们的光啊！！！微信订阅：dapapi（有事儿请您联系syhz@papitube.com,https://m.weibo.cn/status/GoGP3aZS3?mblogid=GoGP3aZS3&luicode=10000011&lfid=1076032714280233,"papi酱突然更新的放送——你妈永远是对的，女朋友永远是对的，裁判永远是对的！那么让永远占理的人都去当世界杯裁判会是什么样的呢？（祝大家周末愉快！一起看四分之一决赛！  <a data-url=""http://t.cn/RdVjLQ1"" href=""http://miaopai.com/show/BzjOyYgIZ38EqxuD230ewD3RtAefNidZk-q05w__.htm?from=1110006030&weiboauthoruid=2714280233&showurl=http%3A%2F%2Fmiaopai.com%2Fshow%2FBzjOyYgIZ38EqxuD230ewD3RtAefNidZk-q05w__.htm%3Ffrom%3D1110006030%26weiboauthoruid%3D2714280233&url_open_direct=1&toolbar_hidden=1&url_type=39&object_type=video&pos=1&containerid=2304424ef73b00def958d3c079da8dcbffaa47&luicode=10000011&lfid=1076032714280233"" data-hide=""""><span class='url-icon'><img style='width: 1rem;height: 1rem' src='https://h5.sinaimg.cn/upload/2015/09/25/3/timeline_card_small_video_default.png'></span><span class=""surl-text"">papi酱的秒拍视频</span></a> ​​​",07-06,papi酱
微博原创视频博主 搞笑视频自媒体<br>我是你们的光啊！！！微信订阅：dapapi（有事儿请您联系syhz@papitube.com,https://m.weibo.cn/status/GoGP3aZS3?mblogid=GoGP3aZS3&luicode=10000011&lfid=1076032714280233,"papi酱突然更新的放送——你妈永远是对的，女朋友永远是对的，裁判永远是对的！那么让永远占理的人都去当世界杯裁判会是什么样的呢？（祝大家周末愉快！一起看四分之一决赛！  <a data-url=""http://t.cn/RdVjLQ1"" href=""http://miaopai.com/show/BzjOyYgIZ38EqxuD230ewD3RtAefNidZk-q05w__.htm?from=1110006030&weiboauthoruid=2714280233&showurl=http%3A%2F%2Fmiaopai.com%2Fshow%2FBzjOyYgIZ38EqxuD230ewD3RtAefNidZk-q05w__.htm%3Ffrom%3D1110006030%26weiboauthoruid%3D2714280233&url_open_direct=1&toolbar_hidden=1&url_type=39&object_type=video&pos=1&containerid=2304424ef73b00def958d3c079da8dcbffaa47&luicode=10000011&lfid=1076032714280233"" data-hide=""""><span class='url-icon'><img style='width: 1rem;height: 1rem' src='https://h5.sinaimg.cn/upload/2015/09/25/3/timeline_card_small_video_default.png'></span><span class=""surl-text"">papi酱的秒拍视频</span></a> ​​​",07-06,papi酱
微博原创视频博主 搞笑视频自媒体<br>我是你们的光啊！！！微信订阅：dapapi（有事儿请您联系syhz@papitube.com,https://m.weibo.cn/status/GuMnW5DWG?mblogid=GuMnW5DWG&luicode=10000011&lfid=1076032714280233,因脱发而焦虑,21小时前,papi酱
微博原创视频博主 搞笑视频自媒体<br>我是你们的光啊！！！微信订阅：dapapi（有事儿请您联系syhz@papitube.com,https://m.weibo.cn/status/GuCZG7ftK?mblogid=GuCZG7ftK&luicode=10000011&lfid=1076032714280233,中国家长：只要有人考了100分，你考95分就不行,08-14,papi酱
VSPN主持人、解说<br>🎀雨🎀LOL选手 解说 商务合作请联系：starbroker@vspn.com,https://m.weibo.cn/status/FaFE6sekG?mblogid=FaFE6sekG&luicode=10000011&lfid=1076032749401781,"hello<span class=""url-icon""><img alt=""[兔子]"" src=""//h5.sinaimg.cn/m/emoticon/icon/others/d_tuzi-15d670f89f.png"" style=""width:1em; height:1em;""/></span>，五群也建好啦 ！谢谢大家的厚爱表示无以为报，只能。。群号码 540638304， 四群，556231072，三群：389770851；二群：389757649；一群：455826618<span class=""url-icon""><img alt=""[太开心]"" src=""//h5.sinaimg.cn/m/emoticon/icon/default/d_taikaixin-2ea4a8779a.png"" style=""width:1em; height:1em;""/></span><span class=""url-icon""><img alt=""[太阳]"" src=""//h5.sinaimg.cn/m/emoticon/icon/others/w_taiyang-eebe0749ad.png"" style=""width:1em; height:1em;""/></span> ​​​",2017-07-03,Rita小雨桑
演员、导演邓超<br>,https://m.weibo.cn/status/GpJj6BPaK?mblogid=GpJj6BPaK&luicode=10000011&lfid=1076035187664653,祖蓝，恭喜老来得子，我激动到语无与伦比了，你希望孩子像你还是像亚男？ ​​​,07-13,邓超
演员、导演邓超<br>,https://m.weibo.cn/status/GoIaIf3tr?mblogid=GoIaIf3tr&luicode=10000011&lfid=1076035187664653,祈福！回家！🙏🙏🙏 ​​​,07-06,邓超
演员、导演邓超<br>,https://m.weibo.cn/status/GnBjUy3t3?mblogid=GnBjUy3t3&luicode=10000011&lfid=1076035187664653,第二个超剧场开业，加入了一个发福的战狼…… ​​​,06-29,邓超
演员、导演邓超<br>,https://m.weibo.cn/status/GmTAupwGO?mblogid=GmTAupwGO&luicode=10000011&lfid=1076035187664653,"有人一起吗？转发微博，抽10位各送2张<span class=""url-icon""><img alt=""[doge]"" src=""//h5.sinaimg.cn/m/emoticon/icon/others/d_doge-d903433c82.png"" style=""width:1em; height:1em;""/></span><a href='/n/杨婷real'>@杨婷real</a> ​​​",06-24,邓超
知名互联网资讯博主<br>合作QQ510685164,https://m.weibo.cn/status/GuULB0UlY?mblogid=GuULB0UlY&luicode=10000011&lfid=1076032077160910,【19.9】旺仔 小馒头240g*2袋<br />【14.7】旺仔 Hello Kitty款黑白配100g*3盒<br />【21】旺仔 草莓乳酸味吸吸冰80ml*12袋 ​​​​,22分钟前,秒杀排行榜
知名互联网资讯博主<br>合作QQ510685164,https://m.weibo.cn/status/GuUIfDRom?mblogid=GuUIfDRom&luicode=10000011&lfid=1076032077160910,【59】乐怡 麦饭石不粘锅汤锅20寸，送汤勺，-80元券，这个颜值也很高啊，做菜的时候心情会好很多啊 ​​​,31分钟前,秒杀排行榜
知名互联网资讯博主<br>合作QQ510685164,https://m.weibo.cn/status/GuUEgAD2n?mblogid=GuUEgAD2n&luicode=10000011&lfid=1076032077160910,【39】怀梦时光 无痕无钢圈运动内衣2件，多款多色可选，他家之前的活动都是内裤，反馈都说穿的很舒服，这个看着还不错，但感觉夏天穿可能会有些热 ​​​,40分钟前,秒杀排行榜
知名互联网资讯博主<br>合作QQ510685164,https://m.weibo.cn/status/GuUChDtMF?mblogid=GuUChDtMF&luicode=10000011&lfid=1076032077160910,【13.8】王老五 传统糕点狗屎糖300g，有原味和香辣味可选的，记忆中狗屎糖不像花生酥啊，可是又想不起来是啥 ​​​,45分钟前,秒杀排行榜
知名互联网资讯博主<br>合作QQ510685164,https://m.weibo.cn/status/GuUB5tYFb?mblogid=GuUB5tYFb&luicode=10000011&lfid=1076032077160910,"【6.8起】雨露 按压式带盖垃圾桶8L，多色可选，建议买摇盖的，因为按压翻盖的盖子单面弹开很容易倒，之前买的按压盖的，现在都直接敞开盖子了<span class=""url-icon""><img alt=""[笑cry]"" src=""//h5.sinaimg.cn/m/emoticon/icon/default/d_xiaoku-7430606cb7.png"" style=""width:1em; height:1em;""/></span> ​​​",48分钟前,秒杀排行榜
知名互联网资讯博主<br>合作QQ510685164,https://m.weibo.cn/status/GuUziltmR?mblogid=GuUziltmR&luicode=10000011&lfid=1076032077160910,【5.8】阿仙奴 苹果6全系列创意手机壳，送挂绳，特点：图案可爱，便宜，包邮！ ​​​,53分钟前,秒杀排行榜
知名互联网资讯博主<br>合作QQ510685164,https://m.weibo.cn/status/GuUvW2ZGd?mblogid=GuUvW2ZGd&luicode=10000011&lfid=1076032077160910,"【8.5】卜珂 草莓甜味泡芙1袋共102g，独立小包装的，采用冻干注芯技术，这个粉粉嫩嫩的看起来很诱人啊<span class=""url-icon""><img alt=""[馋嘴]"" src=""//h5.sinaimg.cn/m/emoticon/icon/default/d_chanzui-ad3f4f182c.png"" style=""width:1em; height:1em;""/></span> ​​​",1小时前,秒杀排行榜
知名娱乐博主<br>个人号 非宋民国本人,https://m.weibo.cn/status/GuNpBgxbf?mblogid=GuNpBgxbf&luicode=10000011&lfid=1076035592252471,"近期最爱<span class=""url-icon""><img alt=""[心]"" src=""//h5.sinaimg.cn/m/emoticon/icon/others/l_xin-8e9a1a0346.png"" style=""width:1em; height:1em;""/></span> <a data-url=""http://t.cn/RDkJDEx"" href=""http://photo.weibo.com/h5/repost/reppic_id/1022:230796755db29c0b80ce21f3c1ebd975a544ea?luicode=10000011&lfid=1076035592252471"" data-hide=""""><span class='url-icon'><img style='width: 1rem;height: 1rem' src='//h5.sinaimg.cn/upload/2015/01/21/20/timeline_card_small_photo_default.png'></span><span class=""surl-text"">查看图片</span></a>",19小时前,宋民国
知名娱乐博主<br>个人号 非宋民国本人,https://m.weibo.cn/status/GuLTyCPbN?mblogid=GuLTyCPbN&luicode=10000011&lfid=1076035592252471,"<a  href=""https://m.weibo.cn/p/searchall?containerid=231522type%3D1%26q%3D%23%E7%A9%BA%E6%89%8B%E5%A5%97%E8%A1%A8%E6%83%85%23%26t%3D10&extparam=%23%E7%A9%BA%E6%89%8B%E5%A5%97%E8%A1%A8%E6%83%85%23&luicode=10000011&lfid=1076035592252471"" data-hide=""""><span class=""surl-text"">#空手套表情#</span></a> 评论一下你最喜欢的表情包<span class=""url-icon""><img alt=""[憧憬]"" src=""//h5.sinaimg.cn/m/emoticon/icon/default/d_xingxingyan-34ecaee809.png"" style=""width:1em; height:1em;""/></span> ​​​",22小时前,宋民国
知名娱乐博主<br>个人号 非宋民国本人,https://m.weibo.cn/status/GuLkTvhHG?mblogid=GuLkTvhHG&luicode=10000011&lfid=1076035592252471,哈哈哈哈哈哈哈哈哈哈 ​​​,昨天 16:31,宋民国
微博知名财经博主<br>请粉丝谨慎发言，莫谈国事，不谈房价。旗帜鲜明反对高房价。,https://m.weibo.cn/status/GuUwf1zPZ?mblogid=GuUwf1zPZ&luicode=10000011&lfid=1076031565668374,什么叫欠揍！,1小时前,财宝宝
微博知名财经博主<br>请粉丝谨慎发言，莫谈国事，不谈房价。旗帜鲜明反对高房价。,https://m.weibo.cn/status/GuUrzEkzU?mblogid=GuUrzEkzU&luicode=10000011&lfid=1076031565668374,"燕郊暴跌的情况，会在其他大城市简单重演吗？不会。<br /><br />        燕郊暴跌的原因很简单：限购了，要买房，去燕郊交社保三年。这个确实击中燕郊购房者痛点了。燕郊本来就是乡镇档次，要啥没啥，房价这么贵的原因是，靠近北京。京漂白领被五年社保限购了，迫于无奈，在燕郊给老人孩子买个房子，周末可以去看 ​​​...<a href=""/status/4273668139612226"">全文</a>",1小时前,财宝宝
微博原创视频博主 搞笑视频自媒体<br>我是你们的光啊！！！微信订阅：dapapi（有事儿请您联系syhz@papitube.com,https://m.weibo.cn/status/GtSbZpJoy?mblogid=GtSbZpJoy&luicode=10000011&lfid=1076032714280233,没有办法，我就是这么强大！,08-09,papi酱
微博原创视频博主 搞笑视频自媒体<br>我是你们的光啊！！！微信订阅：dapapi（有事儿请您联系syhz@papitube.com,https://m.weibo.cn/status/Gtz3zESOs?mblogid=Gtz3zESOs&luicode=10000011&lfid=1076032714280233,转需（来自被小咪咬过无数次的我,08-07,papi酱
微博原创视频博主 搞笑视频自媒体<br>我是你们的光啊！！！微信订阅：dapapi（有事儿请您联系syhz@papitube.com,https://m.weibo.cn/status/GsY9PiwW4?mblogid=GsY9PiwW4&luicode=10000011&lfid=1076032714280233,"围观神仙化妆（欢迎宇芽加入papitube！！//<a href='/n/papitube'>@papitube</a>:给我们papitube的仿妆蒙娜丽莎大神<a href='/n/宇芽YUYAMIKA'>@宇芽YUYAMIKA</a> 打call<span class=""url-icon""><img alt=""[嘻嘻]"" src=""//h5.sinaimg.cn/m/emoticon/icon/default/d_xixi-ce63ce2629.png"" style=""width:1em; height:1em;""/></span>看看她还仿妆了谁？",08-03,papi酱
微博原创视频博主 搞笑视频自媒体<br>我是你们的光啊！！！微信订阅：dapapi（有事儿请您联系syhz@papitube.com,https://m.weibo.cn/status/GsEAK5K4a?mblogid=GsEAK5K4a&luicode=10000011&lfid=1076032714280233,不要再喵喵喵喵喵喵喵喵喵喵喵喵喵喵喵喵喵喵喵喵喵喵喵喵了！！！！！,08-01,papi酱
微博原创视频博主 搞笑视频自媒体<br>我是你们的光啊！！！微信订阅：dapapi（有事儿请您联系syhz@papitube.com,https://m.weibo.cn/status/GsBGKdC0x?mblogid=GsBGKdC0x&luicode=10000011&lfid=1076032714280233,致敬中国军人🇨🇳,08-01,papi酱
知名美食博主 美食视频自媒体<br>爱美食，爱生活，分享美食作法，分享美食资讯.合作qq2881249379,https://m.weibo.cn/status/Glulk5Ot2?mblogid=Glulk5Ot2&luicode=10000011&lfid=1076032509958092,"一个熊猫吃竹子的视频，看了4分钟是一种怎样的体验<span class=""url-icon""><img alt=""[允悲]"" src=""//h5.sinaimg.cn/m/emoticon/icon/default/d_yunbei-c6964bf237.png"" style=""width:1em; height:1em;""/></span> <a data-url=""http://t.cn/RSqkQUt"" href=""https://m.weibo.cn/p/index?containerid=230444716a6fbcfd29f5107a7655a8657326e7&url_type=39&object_type=video&pos=1&luicode=10000011&lfid=1076032509958092"" data-hide=""""><span class='url-icon'><img style='width: 1rem;height: 1rem' src='https://h5.sinaimg.cn/upload/2015/09/25/3/timeline_card_small_video_default.png'></span><span class=""surl-text"">秒拍视频</span></a> ​ ​​​",06-15,每天教你学做菜
知名美食博主 美食视频自媒体<br>爱美食，爱生活，分享美食作法，分享美食资讯.合作qq2881249379,https://m.weibo.cn/status/GuUIRaQ3J?mblogid=GuUIRaQ3J&luicode=10000011&lfid=1076032509958092,暑假最后的惊喜 就问你要不要！！！,29分钟前,每天教你学做菜
VSPN主持人、解说<br>🎀雨🎀LOL选手 解说 商务合作请联系：starbroker@vspn.com,https://m.weibo.cn/status/FaFE6sekG?mblogid=FaFE6sekG&luicode=10000011&lfid=1076032749401781,"hello<span class=""url-icon""><img alt=""[兔子]"" src=""//h5.sinaimg.cn/m/emoticon/icon/others/d_tuzi-15d670f89f.png"" style=""width:1em; height:1em;""/></span>，五群也建好啦 ！谢谢大家的厚爱表示无以为报，只能。。群号码 540638304， 四群，556231072，三群：389770851；二群：389757649；一群：455826618<span class=""url-icon""><img alt=""[太开心]"" src=""//h5.sinaimg.cn/m/emoticon/icon/default/d_taikaixin-2ea4a8779a.png"" style=""width:1em; height:1em;""/></span><span class=""url-icon""><img alt=""[太阳]"" src=""//h5.sinaimg.cn/m/emoticon/icon/others/w_taiyang-eebe0749ad.png"" style=""width:1em; height:1em;""/></span> ​​​",2017-07-03,Rita小雨桑
VSPN主持人、解说<br>🎀雨🎀LOL选手 解说 商务合作请联系：starbroker@vspn.com,https://m.weibo.cn/status/GuSTODJA1?mblogid=GuSTODJA1&luicode=10000011&lfid=1076032749401781,该死！<br /><br /> 明天七夕？ ​​​,5小时前,Rita小雨桑
错过也是一种收获，感谢过程给予我的感动,https://m.weibo.cn/status/G3hmE4ROe?mblogid=G3hmE4ROe&luicode=10000011&lfid=1076033840672526,"<a  href=""https://m.weibo.cn/p/searchall?containerid=231522type%3D1%26q%3D%23%E8%83%A1%E4%B8%80%E5%A4%A9%E7%9A%84%E7%BA%A2%E5%8C%85%23%26t%3D10&isnewpage=1&luicode=10000011&lfid=1076033840672526"" data-hide=""""><span class=""surl-text"">#胡一天的红包#</span></a>哇！好运来袭！我抽中了<a href='/n/胡一天啊'>@胡一天啊</a> 的现金红包，你也快来试试手气吧，比比谁抢得多！<a data-url=""http://t.cn/RRT2RxA"" href=""https://m.weibo.cn/p/index?containerid=2306321000110_3228634923_3840672526_01518705299243&luicode=10000011&lfid=1076033840672526"" data-hide=""""><span class='url-icon'><img style='width: 1rem;height: 1rem' src='https://h5.sinaimg.cn/upload/2015/09/25/3/timeline_card_small_web_default.png'></span><span class=""surl-text"">胡一天啊 的红包</span></a> ​​​",02-15,小基米123
知名互联网资讯博主<br>合作QQ510685164,https://m.weibo.cn/status/GuUuJxPaP?mblogid=GuUuJxPaP&luicode=10000011&lfid=1076032077160910,"【5.8】谢角匠 手套搓澡巾2个装，腕部束口，不容易掉落，感觉用这个搓澡特爽（第一眼看成了热水袋<span class=""url-icon""><img alt=""[允悲]"" src=""//h5.sinaimg.cn/m/emoticon/icon/default/d_yunbei-c6964bf237.png"" style=""width:1em; height:1em;""/></span>） ​​​",1小时前,秒杀排行榜
知名娱乐博主<br>个人号 非宋民国本人,https://m.weibo.cn/status/GuJPGfL1y?mblogid=GuJPGfL1y&luicode=10000011&lfid=1076035592252471,"<a  href=""https://m.weibo.cn/p/index?containerid=100808f9964700611d3a0da2ede321b7ca12e4&extparam=%E5%AE%8B%E5%AE%B6%E4%B8%89%E8%83%9E%E8%83%8E&luicode=10000011&lfid=1076035592252471"" data-hide=""""><span class='url-icon'><img style='width: 1rem;height: 1rem' src='https://h5.sinaimg.cn/upload/1000/8/2018/04/20/super_default.png'></span><span class=""surl-text"">宋家三胞胎</span></a><a  href=""https://m.weibo.cn/p/searchall?containerid=231522type%3D1%26q%3D%23%E5%AE%8B%E6%B0%91%E5%9B%BD%23%26t%3D10&isnewpage=1&luicode=10000011&lfid=1076035592252471"" data-hide=""""><span class=""surl-text"">#宋民国#</span></a> 三胞胎爸爸的ins更新 摄于柏林墙。 ​​​",昨天 12:41,宋民国
知名娱乐博主<br>个人号 非宋民国本人,https://m.weibo.cn/status/GuE97gENa?mblogid=GuE97gENa&luicode=10000011&lfid=1076035592252471,"<a  href=""https://m.weibo.cn/p/searchall?containerid=231522type%3D1%26q%3D%23%E8%AF%B7%E5%9B%9E%E7%AD%941988%23%26t%3D10&isnewpage=1&luicode=10000011&lfid=1076035592252471"" data-hide=""""><span class=""surl-text"">#请回答1988#</span></a> 双门洞团宠——珍珠！ <a data-url=""http://t.cn/RDrPrcN"" href=""https://m.weibo.cn/p/index?containerid=2304444273041442597257&url_type=39&object_type=video&pos=1&luicode=10000011&lfid=1076035592252471"" data-hide=""""><span class='url-icon'><img style='width: 1rem;height: 1rem' src='https://h5.sinaimg.cn/upload/2015/09/25/3/timeline_card_small_video_default.png'></span><span class=""surl-text"">宋民国的秒拍视频</span></a> ​​​",08-14,宋民国
微博知名财经博主<br>请粉丝谨慎发言，莫谈国事，不谈房价。旗帜鲜明反对高房价。,https://m.weibo.cn/status/GuToGisf2?mblogid=GuToGisf2&luicode=10000011&lfid=1076031565668374,"非上市公司给核心员工股权，徒增内耗而已，多发点钱就好了。<br /><br />        1，查账增加内耗。非上市公司股权的主要作用是分红。分红就涉及到查账，查账必然引发各种矛盾。企业很多开支没法报销，例如找个泥瓦匠维修厕所两万元，没有发票，有时候只能做点变通处理。但这事情要是闹矛盾了，那就上纲上线了。<br /> ​​​...<a href=""/status/4273627904398468"">全文</a>",3小时前,财宝宝
超话社区精选官方微博<br>看每日超话精彩内容，关注我就够了！,https://m.weibo.cn/status/GuTVjeY5a?mblogid=GuTVjeY5a&luicode=10000011&lfid=1076035936137028,"【老师我的作业本被狗吃了 <span class=""url-icon""><img alt=""[二哈]"" src=""//h5.sinaimg.cn/m/emoticon/icon/others/d_erha-0d2bea3a7d.png"" style=""width:1em; height:1em;""/></span>】<a  href=""https://m.weibo.cn/p/index?containerid=10080898347e56cba69497dec5d9bab5a9fc11&extparam=%E5%93%88%E5%A3%AB%E5%A5%87&luicode=10000011&lfid=1076035936137028"" data-hide=""""><span class='url-icon'><img style='width: 1rem;height: 1rem' src='https://h5.sinaimg.cn/upload/1000/8/2018/04/20/super_default.png'></span><span class=""surl-text"">哈士奇</span></a> 撕碎小学生的暑假作业后，小学生面带微笑, 将二哈抱在怀里！养狗千日，用狗一时<span class=""url-icon""><img alt=""[哈哈]"" src=""//h5.sinaimg.cn/m/emoticon/icon/default/d_haha-bdd6ceb619.png"" style=""width:1em; height:1em;""/></span><span class=""url-icon""><img alt=""[哈哈]"" src=""//h5.sinaimg.cn/m/emoticon/icon/default/d_haha-bdd6ceb619.png"" style=""width:1em; height:1em;""/></span> ​ ​​​眼看八月要见底了，暑假作业还没写完的赶紧养只狗吧<span class=""url-icon""><img alt=""[doge]"" src=""//h5.sinaimg.cn/m/emoticon/icon/others/d_doge-d903433c82.png"" style=""width:1em; height:1em;""/></span><span class=""url-icon""><img alt=""[doge]"" src=""//h5.sinaimg.cn/m/emoticon/icon/others/d_doge-d903433c82.png"" style=""width:1em; height:1em;""/></span> ​​​",2小时前,超话社区精选
超话社区精选官方微博<br>看每日超话精彩内容，关注我就够了！,https://m.weibo.cn/status/GuTe8lMGu?mblogid=GuTe8lMGu&luicode=10000011&lfid=1076035936137028,"<a  href=""https://m.weibo.cn/p/index?containerid=1008081495f4f36cd82b1a606e8aedf768bf54&extparam=%E5%B9%B8%E7%A6%8F%E4%B8%89%E9%87%8D%E5%A5%8F&luicode=10000011&lfid=1076035936137028"" data-hide=""""><span class='url-icon'><img style='width: 1rem;height: 1rem' src='https://h5.sinaimg.cn/upload/1000/8/2018/04/20/super_default.png'></span><span class=""surl-text"">幸福三重奏</span></a> 大S剥虾论：吃虾就是一定要男人帮你剥，不剥就不吃！陈建斌、汪小菲、江宏杰三个男人瞬间求生欲瞬间爆棚，埋头剥虾，画面可以说非常壮观了~<span class=""url-icon""><img alt=""[笑cry]"" src=""//h5.sinaimg.cn/m/emoticon/icon/default/d_xiaoku-7430606cb7.png"" style=""width:1em; height:1em;""/></span><span class=""url-icon""><img alt=""[笑cry]"" src=""//h5.sinaimg.cn/m/emoticon/icon/default/d_xiaoku-7430606cb7.png"" style=""width:1em; height:1em;""/></span><a data-url=""http://t.cn/RDsITjC"" href=""http://miaopai.com/show/Y80ethmsp6vP7XrmYKcUkRjqfHN7DY3e2ZlVLA__.htm?from=1110006030&weiboauthoruid=5936137028&showurl=http%3A%2F%2Fmiaopai.com%2Fshow%2FY80ethmsp6vP7XrmYKcUkRjqfHN7DY3e2ZlVLA__.htm%3Ffrom%3D1110006030%26weiboauthoruid%3D5936137028&url_open_direct=1&toolbar_hidden=1&url_type=39&object_type=video&pos=1&containerid=230442c42d4f8e4d108668c44c545c282e240f&luicode=10000011&lfid=1076035936137028"" data-hide=""""><span class='url-icon'><img style='width: 1rem;height: 1rem' src='https://h5.sinaimg.cn/upload/2015/09/25/3/timeline_card_small_video_default.png'></span><span class=""surl-text"">圈教主的秒拍视频</span></a> ​​​",4小时前,超话社区精选
微博原创视频博主 搞笑视频自媒体<br>我是你们的光啊！！！微信订阅：dapapi（有事儿请您联系syhz@papitube.com,https://m.weibo.cn/status/GrQDsCgXj?mblogid=GrQDsCgXj&luicode=10000011&lfid=1076032714280233,“今天的天气也太适合在家睡觉了吧。”<br /><br />每一天的我都这样想。 ​​​,07-27,papi酱
微博原创视频博主 搞笑视频自媒体<br>我是你们的光啊！！！微信订阅：dapapi（有事儿请您联系syhz@papitube.com,https://m.weibo.cn/status/Grh5usB3u?mblogid=Grh5usB3u&luicode=10000011&lfid=1076032714280233,"papi酱的周一放送——要在炎热的夏天，做一名精致的都市丽人，真、的、很、麻！烦！入伏之后实在是太热了，可我们依然要保持自己的精致不动摇。（但我最近开始动摇了（夏日威胁了我的精致（大家周一快乐哦！请注意防暑防晒！<br /><a data-url=""http://t.cn/Rge72HN"" href=""http://miaopai.com/show/VL2uDBBfpMOo8DxgJgwk52LR8ygozFfgBHwgdQ__.htm?from=1110006030&weiboauthoruid=2714280233&showurl=http%3A%2F%2Fmiaopai.com%2Fshow%2FVL2uDBBfpMOo8DxgJgwk52LR8ygozFfgBHwgdQ__.htm%3Ffrom%3D1110006030%26weiboauthoruid%3D2714280233&url_open_direct=1&toolbar_hidden=1&url_type=39&object_type=video&pos=1&containerid=230442a21e44388c00e338defbed682fa5cfb4&luicode=10000011&lfid=1076032714280233"" data-hide=""""><span class='url-icon'><img style='width: 1rem;height: 1rem' src='https://h5.sinaimg.cn/upload/2015/09/25/3/timeline_card_small_video_default.png'></span><span class=""surl-text"">papi酱的秒拍视频</span></a> ​​​",07-23,papi酱
新浪微博品牌活动   让红包飞官方微博<br>2018#让红包飞#——1月22日起，#让红包飞#超燃回归，更多玩法让你打call，网友明星齐狂欢！速来开启【抢红包】之旅吧~,https://m.weibo.cn/status/G6fyFyS5o?mblogid=G6fyFyS5o&luicode=10000011&lfid=1076033912522941,"2018让红包飞收官啦！活动期间，超10万位明星大咖、商界大佬、手机品牌齐聚微博撒钱，为网友带来一场红包狂欢大趴体！<span class=""url-icon""><img alt=""[弗莱见钱眼开]"" src=""//h5.sinaimg.cn/m/emoticon/icon/others/d_jqyk-eba0ee1b37.png"" style=""width:1em; height:1em;""/></span>1.8亿网友在微博嗨抢了25亿个红包，多重玩法定制让商业品牌大放异彩！让我们一起相约2019<a  href=""https://m.weibo.cn/p/searchall?containerid=231522type%3D1%26q%3D%23%E8%AE%A9%E7%BA%A2%E5%8C%85%E9%A3%9E%23%26t%3D10&isnewpage=1&luicode=10000011&lfid=1076033912522941"" data-hide=""""><span class=""surl-text"">#让红包飞#</span></a>！@ 两个小伙伴 一起来围观精彩，就有iPhoneX等你拿哟~<span class=""url-icon""><img alt=""[憧憬]"" src=""//h5.sinaimg.cn/m/emoticon/icon/default/d_xingxingyan-34ecaee809.png"" style=""width:1em; height:1em;""/></span> ​​​",03-07,让红包飞
配音，解说。主要作品《我叫MT》美屡、法丝，《一可教你打魔兽》 游戏视频自媒体<br>在CV梦想路上狂奔的一条疯狗。工作邮箱：eviless@vip.qq.com 商务合作请邮件联系。,https://m.weibo.cn/status/GtzRAAqjb?mblogid=GtzRAAqjb&luicode=10000011&lfid=1076031310630777,"<a  href=""https://m.weibo.cn/p/searchall?containerid=231522type%3D1%26q%3D%23%E7%82%89%E7%9F%B3%E5%8F%B2%E5%86%8C%23%26t%3D10&isnewpage=1&luicode=10000011&lfid=1076031310630777"" data-hide=""""><span class=""surl-text"">#炉石史册#</span></a>《神奇机械》（上），明天就是炉石新版本砰砰计划了，所以，我们来聊聊机械们的故事吧。你看，人生总是能在不经意中，刷出很多惊喜的……<span class=""url-icon""><img alt=""[doge]"" src=""//h5.sinaimg.cn/m/emoticon/icon/others/d_doge-d903433c82.png"" style=""width:1em; height:1em;""/></span> <a data-url=""http://t.cn/RD5gffo"" href=""https://m.weibo.cn/p/index?containerid=2304444270491939335040&url_type=39&object_type=video&pos=1&luicode=10000011&lfid=1076031310630777"" data-hide=""""><span class='url-icon'><img style='width: 1rem;height: 1rem' src='https://h5.sinaimg.cn/upload/2015/09/25/3/timeline_card_small_video_default.png'></span><span class=""surl-text"">夏一可死毒舌的秒拍视频</span></a> ​​​",08-07,夏一可死毒舌
知名美食博主 美食视频自媒体<br>爱美食，爱生活，分享美食作法，分享美食资讯.合作qq2881249379,https://m.weibo.cn/status/GuUmx5Fqk?mblogid=GuUmx5Fqk&luicode=10000011&lfid=1076032509958092,现在的演员明星都是如何通过饮食减 脂的？ ​ ​​​​,1小时前,每天教你学做菜
知名美食博主 美食视频自媒体<br>爱美食，爱生活，分享美食作法，分享美食资讯.合作qq2881249379,https://m.weibo.cn/status/GuTMt6Gr5?mblogid=GuTMt6Gr5&luicode=10000011&lfid=1076032509958092,"佛系青年四大原则 是我没错了<span class=""url-icon""><img alt=""[允悲]"" src=""//h5.sinaimg.cn/m/emoticon/icon/default/d_yunbei-c6964bf237.png"" style=""width:1em; height:1em;""/></span> ​ ​​​",2小时前,每天教你学做菜
知名美食博主 美食视频自媒体<br>爱美食，爱生活，分享美食作法，分享美食资讯.合作qq2881249379,https://m.weibo.cn/status/GuTJYbQAn?mblogid=GuTJYbQAn&luicode=10000011&lfid=1076032509958092,来自奥利奥的神秘黑暗力量,2小时前,每天教你学做菜
知名美食博主 美食视频自媒体<br>爱美食，爱生活，分享美食作法，分享美食资讯.合作qq2881249379,https://m.weibo.cn/status/GuTlCerJD?mblogid=GuTlCerJD&luicode=10000011&lfid=1076032509958092,七夕谁不想做个香香公举啊！,3小时前,每天教你学做菜
知名美食博主 美食视频自媒体<br>爱美食，爱生活，分享美食作法，分享美食资讯.合作qq2881249379,https://m.weibo.cn/status/GuSVnB9Y1?mblogid=GuSVnB9Y1&luicode=10000011&lfid=1076032509958092,"教你在家做酸菜鱼，汤白肉嫩，汤香味浓，比饭店还好吃~<span class=""url-icon""><img alt=""[舔屏]"" src=""//h5.sinaimg.cn/m/emoticon/icon/default/d_tian-52ea252705.png"" style=""width:1em; height:1em;""/></span> <a data-url=""http://t.cn/RYUZ2iN"" href=""https://m.weibo.cn/p/index?containerid=23044469eefd87b374c85d04de304392c40a60&url_type=39&object_type=video&pos=1&luicode=10000011&lfid=1076032509958092"" data-hide=""""><span class='url-icon'><img style='width: 1rem;height: 1rem' src='https://h5.sinaimg.cn/upload/2015/09/25/3/timeline_card_small_video_default.png'></span><span class=""surl-text"">每天教你学做菜的秒拍视频</span></a> ​ ​​​",5小时前,每天教你学做菜
知名读物博主<br>怀良辰以孤往。公众号：宋野望。,https://m.weibo.cn/status/EuCmy43dX?mblogid=EuCmy43dX&luicode=10000011&lfid=1076033089630091,"这是很好的一生。<a data-url=""http://t.cn/zRO3IJA"" href=""https://m.weibo.cn/p/index?containerid=10151501_918429&url_type=36&object_type=audio&pos=1&luicode=10000011&lfid=1076033089630091"" data-hide=""""><span class='url-icon'><img style='width: 1rem;height: 1rem' src='https://h5.sinaimg.cn/upload/2015/09/25/3/timeline_card_small_music_default.png'></span><span class=""surl-text"">Buy Me A Rose</span></a> ​​​",2017-02-08,宋野望
VSPN主持人、解说<br>🎀雨🎀LOL选手 解说 商务合作请联系：starbroker@vspn.com,https://m.weibo.cn/status/GuN877wx2?mblogid=GuN877wx2&luicode=10000011&lfid=1076032749401781,"哇 ！恭喜！加油加油！！<span class=""url-icon""><img alt=""[偷乐]"" src=""//h5.sinaimg.cn/m/emoticon/icon/lxh/lxh_toule-459dafd648.png"" style=""width:1em; height:1em;""/></span>",19小时前,Rita小雨桑
VSPN主持人、解说<br>🎀雨🎀LOL选手 解说 商务合作请联系：starbroker@vspn.com,https://m.weibo.cn/status/GuBUxcaf9?mblogid=GuBUxcaf9&luicode=10000011&lfid=1076032749401781,"<a data-url=""http://t.cn/RBhCpbe"" target=""_blank"" href=""https://weibo.cn/sinaurl/blockedaee180a3?anchorid=446908580&luicode=10000011&lfid=1076032749401781&u=http%3A%2F%2Fm.egame.qq.com%2Flive%3Fanchorid%3D446908580"" class=""""><span class='url-icon'><img style='width: 1rem;height: 1rem' src='//h5.sinaimg.cn/upload/2015/09/25/3/timeline_card_small_web_default.png'></span><span class=""surl-text"">网页链接</span></a>直播了 刚洗完头发型有点随意 ​​​",08-14,Rita小雨桑
VSPN主持人、解说<br>🎀雨🎀LOL选手 解说 商务合作请联系：starbroker@vspn.com,https://m.weibo.cn/status/GuANXEVQM?mblogid=GuANXEVQM&luicode=10000011&lfid=1076032749401781,"人生不如意十有八九..<br /><br />惟有美食...不可辜负。<span class=""url-icon""><img alt=""[好喜欢]"" src=""//h5.sinaimg.cn/m/emoticon/icon/lxh/lxh_haoxihuan-f214d40a7a.png"" style=""width:1em; height:1em;""/></span><span class=""url-icon""><img alt=""[好喜欢]"" src=""//h5.sinaimg.cn/m/emoticon/icon/lxh/lxh_haoxihuan-f214d40a7a.png"" style=""width:1em; height:1em;""/></span><br />今天下午直播！！小饼干们我来啦！！！<span class=""url-icon""><img alt=""[太开心]"" src=""//h5.sinaimg.cn/m/emoticon/icon/default/d_taikaixin-2ea4a8779a.png"" style=""width:1em; height:1em;""/></span> ​​​",08-14,Rita小雨桑
VSPN主持人、解说<br>🎀雨🎀LOL选手 解说 商务合作请联系：starbroker@vspn.com,https://m.weibo.cn/status/GulWkki3F?mblogid=GulWkki3F&luicode=10000011&lfid=1076032749401781,今天尔晴还是没有领盒饭。晚安。 ​​​,08-12,Rita小雨桑
VSPN主持人、解说<br>🎀雨🎀LOL选手 解说 商务合作请联系：starbroker@vspn.com,https://m.weibo.cn/status/Guc1o7gjT?mblogid=Guc1o7gjT&luicode=10000011&lfid=1076032749401781,"今天不直播 <br /><br />把昨天拍的照骗拿来蒙混过关一下…<span class=""url-icon""><img alt=""[嘻嘻]"" src=""//h5.sinaimg.cn/m/emoticon/icon/default/d_xixi-ce63ce2629.png"" style=""width:1em; height:1em;""/></span> ​​​",08-11,Rita小雨桑
VSPN主持人、解说<br>🎀雨🎀LOL选手 解说 商务合作请联系：starbroker@vspn.com,https://m.weibo.cn/status/GtU38dCfe?mblogid=GtU38dCfe&luicode=10000011&lfid=1076032749401781,"请欣赏我最近华丽的钻石一般的操作。（尔晴除外）<a data-url=""http://t.cn/RDa8BWx"" href=""http://miaopai.com/show/lqLrfih7Is-ghuT0VvdYHpJk94AHy3z4ofFGvg__.htm?from=1110006030&weiboauthoruid=2749401781&showurl=http%3A%2F%2Fmiaopai.com%2Fshow%2FlqLrfih7Is-ghuT0VvdYHpJk94AHy3z4ofFGvg__.htm%3Ffrom%3D1110006030%26weiboauthoruid%3D2749401781&url_open_direct=1&toolbar_hidden=1&url_type=39&object_type=video&pos=1&containerid=230442e60f885f2bd9203bdab39e945b2f136d&luicode=10000011&lfid=1076032749401781"" data-hide=""""><span class='url-icon'><img style='width: 1rem;height: 1rem' src='https://h5.sinaimg.cn/upload/2015/09/25/3/timeline_card_small_video_default.png'></span><span class=""surl-text"">Rita_中戏的秒拍视频</span></a>（上<a  href=""https://m.weibo.cn/p/searchall?containerid=231522type%3D1%26q%3D%23%E7%A7%92%E6%8B%8D%23%26t%3D10&isnewpage=1&luicode=10000011&lfid=1076032749401781"" data-hide=""""><span class=""surl-text"">#秒拍#</span></a>看我的最新短视频，下载秒拍-&gt;<a data-url=""http://t.cn/RuiCoSW"" href=""http://m.miaopai.com/v/downType/weibofeed?luicode=10000011&lfid=1076032749401781"" data-hide=""""><span class='url-icon'><img style='width: 1rem;height: 1rem' src='//h5.sinaimg.cn/upload/2015/09/25/3/timeline_card_small_web_default.png'></span><span class=""surl-text"">网页链接</span></a>） ​​​",08-10,Rita小雨桑
错过也是一种收获，感谢过程给予我的感动,https://m.weibo.cn/status/G3gKpDevl?mblogid=G3gKpDevl&luicode=10000011&lfid=1076033840672526,"<a  href=""https://m.weibo.cn/p/searchall?containerid=231522type%3D1%26q%3D%23%E4%BE%AF%E6%98%8E%E6%98%8ANeo%E7%9A%84%E7%BA%A2%E5%8C%85%23%26t%3D10&luicode=10000011&lfid=1076033840672526"" data-hide=""""><span class=""surl-text"">#侯明昊Neo的红包#</span></a>哇！好运来袭！我抽中了<a href='/n/侯明昊Neo'>@侯明昊Neo</a> 的现金红包，你也快来试试手气吧，比比谁抢得多！<a data-url=""http://t.cn/RRjd46l"" href=""https://m.weibo.cn/p/index?containerid=2306321000110_1831550987_3840672526_01518699648304&luicode=10000011&lfid=1076033840672526"" data-hide=""""><span class='url-icon'><img style='width: 1rem;height: 1rem' src='https://h5.sinaimg.cn/upload/2015/09/25/3/timeline_card_small_web_default.png'></span><span class=""surl-text"">侯明昊Neo 的红包</span></a> ​​​",02-15,小基米123
错过也是一种收获，感谢过程给予我的感动,https://m.weibo.cn/status/FA8rDDeGD?mblogid=FA8rDDeGD&luicode=10000011&lfid=1076033840672526,"<a data-url=""http://t.cn/RTjjIE9"" href=""https://m.weibo.cn/p/index?containerid=2311983840672526&luicode=10000011&lfid=1076033840672526"" data-hide=""""><span class='url-icon'><img style='width: 1rem;height: 1rem' src='https://h5.sinaimg.cn/upload/2015/09/25/3/timeline_card_small_web_default.png'></span><span class=""surl-text"">祝你生日快乐</span></a> ​​​",2017-12-18,小基米123
错过也是一种收获，感谢过程给予我的感动,https://m.weibo.cn/status/ErwUZpbaJ?mblogid=ErwUZpbaJ&luicode=10000011&lfid=1076033840672526,"<a  href=""https://m.weibo.cn/p/searchall?containerid=231522type%3D1%26q%3D%23%E5%BE%AE%E5%8D%9A%E8%AE%B2%E7%A4%BC%23%26t%3D10&isnewpage=1&luicode=10000011&lfid=1076033840672526"" data-hide=""""><span class=""surl-text"">#微博讲礼#</span></a>红包不停，好运不停！d(≧▽≦*d)我刚刚抢到了<a href='/n/微博讲礼'>@微博讲礼</a> 的现金红包！小心脏激动得扑通扑通哒~新的一年跟我一起抢红包吧！<a data-url=""http://t.cn/RMBHaxJ"" href=""https://m.weibo.cn/p/index?containerid=2306321000110_5392251344_3840672526_01484801371728&luicode=10000011&lfid=1076033840672526"" data-hide=""""><span class='url-icon'><img style='width: 1rem;height: 1rem' src='https://h5.sinaimg.cn/upload/2015/09/25/3/timeline_card_small_web_default.png'></span><span class=""surl-text"">微博讲礼 的红包</span></a> ​​​",2017-01-19,小基米123
微博知名财经博主<br>请粉丝谨慎发言，莫谈国事，不谈房价。旗帜鲜明反对高房价。,https://m.weibo.cn/status/GuTfl7PsE?mblogid=GuTfl7PsE&luicode=10000011&lfid=1076031565668374,一声叹息,4小时前,财宝宝
微博知名财经博主<br>请粉丝谨慎发言，莫谈国事，不谈房价。旗帜鲜明反对高房价。,https://m.weibo.cn/status/GuSFZr4Lf?mblogid=GuSFZr4Lf&luicode=10000011&lfid=1076031565668374,"今天听了一个朋友的家庭问题，感觉是普遍情况。<br />        中年夫妻，在沪二居室，45岁左右，孩子读高一，和和美美。男方月入两万，女方八千，每月去掉房贷，一家三口刚刚凑合。<br />        男方父母在农村，71岁了，男方姐姐出嫁后离婚，她自己也过得一塌糊涂，管不了父母。女方是独生子女，父亲没了，母亲 ​​​...<a href=""/status/4273600196453161"">全文</a>",5小时前,财宝宝
微博知名财经博主<br>请粉丝谨慎发言，莫谈国事，不谈房价。旗帜鲜明反对高房价。,https://m.weibo.cn/status/GuNmcws5F?mblogid=GuNmcws5F&luicode=10000011&lfid=1076031565668374,延禧攻略里，如果给你挑个老婆，你最喜欢谁？<br /><br />我最喜欢富察皇后和明玉。我对魏璎珞一点也不感兴趣，既不丰满，也不漂亮，像个批发市场的小妹。 ​​​,19小时前,财宝宝
微博知名财经博主<br>请粉丝谨慎发言，莫谈国事，不谈房价。旗帜鲜明反对高房价。,https://m.weibo.cn/status/GuN9qmInv?mblogid=GuN9qmInv&luicode=10000011&lfid=1076031565668374,几个意思？,19小时前,财宝宝
超话社区精选官方微博<br>看每日超话精彩内容，关注我就够了！,https://m.weibo.cn/status/GuT7ThTer?mblogid=GuT7ThTer&luicode=10000011&lfid=1076035936137028,"<a  href=""https://m.weibo.cn/p/index?containerid=100808c86edb545da5818f5aad83caea7d75c1&extparam=%E6%90%9E%E7%AC%91&luicode=10000011&lfid=1076035936137028"" data-hide=""""><span class='url-icon'><img style='width: 1rem;height: 1rem' src='https://h5.sinaimg.cn/upload/1000/8/2018/04/20/super_default.png'></span><span class=""surl-text"">搞笑</span></a> 又一波「沙雕」玩具合集！怎么办居然好想要...明天就是七夕了，不知道送什么礼物给女朋友的男孩子们可以着手准备了<span class=""url-icon""><img alt=""[doge]"" src=""//h5.sinaimg.cn/m/emoticon/icon/others/d_doge-d903433c82.png"" style=""width:1em; height:1em;""/></span><a data-url=""http://t.cn/RDgHUX0"" href=""https://m.weibo.cn/p/index?containerid=2304444273253926262858&url_type=39&object_type=video&pos=1&luicode=10000011&lfid=1076035936137028"" data-hide=""""><span class='url-icon'><img style='width: 1rem;height: 1rem' src='https://h5.sinaimg.cn/upload/2015/09/25/3/timeline_card_small_video_default.png'></span><span class=""surl-text"">他只是个孩子啊的秒拍视频</span></a> ​​​",4小时前,超话社区精选
本地资讯博主（上海）<br>关心都市民生，关注都市发展。最新、最快、最及时---报道上海的事儿，爱上海从我做起！个人微信号:sctt021,https://m.weibo.cn/status/GpQJyEkkN?mblogid=GpQJyEkkN&luicode=10000011&lfid=1076035876367749,"<a  href=""https://m.weibo.cn/p/index?containerid=10080889659f05c2af498e9648d2731a92166c&extparam=%E4%B8%8A%E6%B5%B7%E5%9F%8E%E4%BA%8B&luicode=10000011&lfid=1076035876367749"" data-hide=""""><span class='url-icon'><img style='width: 1rem;height: 1rem' src='https://h5.sinaimg.cn/upload/1000/8/2018/04/20/super_default.png'></span><span class=""surl-text"">上海城事</span></a>一波图片感受下上海的建筑(投稿:<a href='/n/林山FILM'>@林山FILM</a>  ) ​​​",07-14,申城头条
本地资讯博主（上海）<br>关心都市民生，关注都市发展。最新、最快、最及时---报道上海的事儿，爱上海从我做起！个人微信号:sctt021,https://m.weibo.cn/status/GpQJyEkkN?mblogid=GpQJyEkkN&luicode=10000011&lfid=1076035876367749,"<a  href=""https://m.weibo.cn/p/index?containerid=10080889659f05c2af498e9648d2731a92166c&extparam=%E4%B8%8A%E6%B5%B7%E5%9F%8E%E4%BA%8B&luicode=10000011&lfid=1076035876367749"" data-hide=""""><span class='url-icon'><img style='width: 1rem;height: 1rem' src='https://h5.sinaimg.cn/upload/1000/8/2018/04/20/super_default.png'></span><span class=""surl-text"">上海城事</span></a>一波图片感受下上海的建筑(投稿:<a href='/n/林山FILM'>@林山FILM</a>  ) ​​​",07-14,申城头条
微博原创视频博主 搞笑视频自媒体<br>我是你们的光啊！！！微信订阅：dapapi（有事儿请您联系syhz@papitube.com,https://m.weibo.cn/status/Gr7NpcFja?mblogid=Gr7NpcFja&luicode=10000011&lfid=1076032714280233,//<a href='/n/何炅'>@何炅</a>:除了一查到底，也希望有专家能给出补救方案，如果是打了造假疫苗该怎么做？？？,07-22,papi酱
知名本地博主 本地资讯博主（上海）<br>广告合作QQ17927092,https://m.weibo.cn/status/GuUHK2hea?mblogid=GuUHK2hea&luicode=10000011&lfid=1076035514607999,"<a  href=""https://m.weibo.cn/p/searchall?containerid=231522type%3D1%26q%3D%23%E4%B8%8A%E6%B5%B7%E7%94%9F%E6%B4%BB%23%26t%3D10&isnewpage=1&luicode=10000011&lfid=1076035514607999"" data-hide=""""><span class=""surl-text"">#上海生活#</span></a>【盘点上海那些不可错过的老弄堂】 ​​​",32分钟前,上海吃喝玩乐频道
知名本地博主 本地资讯博主（上海）<br>广告合作QQ17927092,https://m.weibo.cn/status/GuUiZxnHn?mblogid=GuUiZxnHn&luicode=10000011&lfid=1076035514607999,"<a  href=""https://m.weibo.cn/p/searchall?containerid=231522type%3D1%26q%3D%23%E4%B8%8A%E6%B5%B7%E7%94%9F%E6%B4%BB%23%26t%3D10&isnewpage=1&luicode=10000011&lfid=1076035514607999"" data-hide=""""><span class=""surl-text"">#上海生活#</span></a>【想要去上海迪斯尼的同志们，赶紧收了这份攻略】玩转迪斯尼哦！希望每个去的人在里面都会有一个神奇美妙的一天<span class=""url-icon""><img alt=""[心]"" src=""//h5.sinaimg.cn/m/emoticon/icon/others/l_xin-8e9a1a0346.png"" style=""width:1em; height:1em;""/></span> ​​​",1小时前,上海吃喝玩乐频道
知名母婴育儿博主<br>用心陪伴，用爱呵护，让宝宝健康成长。商务合作加qq：2850170715,https://m.weibo.cn/status/Gqj3Iqxjq?mblogid=Gqj3Iqxjq&luicode=10000011&lfid=1076035608066446,很精彩，码下来了！！,07-17,亲子育儿好时光
知名母婴育儿博主<br>用心陪伴，用爱呵护，让宝宝健康成长。商务合作加qq：2850170715,https://m.weibo.cn/status/Gqj3Iqxjq?mblogid=Gqj3Iqxjq&luicode=10000011&lfid=1076035608066446,很精彩，码下来了！！,07-17,亲子育儿好时光
知名母婴育儿博主<br>用心陪伴，用爱呵护，让宝宝健康成长。商务合作加qq：2850170715,https://m.weibo.cn/status/GqbBPoCIR?mblogid=GqbBPoCIR&luicode=10000011&lfid=1076035608066446,男公关是怎样陪女人逍遥快活的，看完之后我三观尽毁 ​​​,07-16,亲子育儿好时光
新浪微博品牌活动   让红包飞官方微博<br>2018#让红包飞#——1月22日起，#让红包飞#超燃回归，更多玩法让你打call，网友明星齐狂欢！速来开启【抢红包】之旅吧~,https://m.weibo.cn/status/GuU6CpPUL?mblogid=GuU6CpPUL&luicode=10000011&lfid=1076033912522941,"<a  href=""https://m.weibo.cn/p/searchall?containerid=231522type%3D1%26q%3D%23%E7%89%B5%E6%89%8B%E7%9C%8B%E4%B8%96%E7%95%8C%23%26t%3D10&isnewpage=1&luicode=10000011&lfid=1076033912522941"" data-hide=""""><span class=""surl-text"">#牵手看世界#</span></a>谁说单身狗不能过七夕？七夕在线交友了解一下<span class=""url-icon""><img alt=""[doge]"" src=""//h5.sinaimg.cn/m/emoticon/icon/others/d_doge-d903433c82.png"" style=""width:1em; height:1em;""/></span>今日将解锁15个单身名额，快晒出你的比心旅行照吧~[给你小心心]",2小时前,让红包飞
新浪微博品牌活动   让红包飞官方微博<br>2018#让红包飞#——1月22日起，#让红包飞#超燃回归，更多玩法让你打call，网友明星齐狂欢！速来开启【抢红包】之旅吧~,https://m.weibo.cn/status/GuT6VhdQl?mblogid=GuT6VhdQl&luicode=10000011&lfid=1076033912522941,"<a  href=""https://m.weibo.cn/p/searchall?containerid=231522type%3D1%26q%3D%23%E7%89%B5%E6%89%8B%E7%9C%8B%E4%B8%96%E7%95%8C%23%26t%3D10&isnewpage=1&luicode=10000011&lfid=1076033912522941"" data-hide=""""><span class=""surl-text"">#牵手看世界#</span></a>七夕甜蜜大放送，惊喜大奖等你拿！晒出你的甜蜜照，博物馆卡片轻松集，即刻召唤现金红包、iPad、拍立得、万元豪华游等大奖~快行动吧！<span class=""url-icon""><img alt=""[来]"" src=""//h5.sinaimg.cn/m/emoticon/icon/others/h_lai-809bc86d71.png"" style=""width:1em; height:1em;""/></span><span class=""url-icon""><img alt=""[来]"" src=""//h5.sinaimg.cn/m/emoticon/icon/others/h_lai-809bc86d71.png"" style=""width:1em; height:1em;""/></span><span class=""url-icon""><img alt=""[来]"" src=""//h5.sinaimg.cn/m/emoticon/icon/others/h_lai-809bc86d71.png"" style=""width:1em; height:1em;""/></span>",4小时前,让红包飞
新浪微博品牌活动   让红包飞官方微博<br>2018#让红包飞#——1月22日起，#让红包飞#超燃回归，更多玩法让你打call，网友明星齐狂欢！速来开启【抢红包】之旅吧~,https://m.weibo.cn/status/GuJj3hwaC?mblogid=GuJj3hwaC&luicode=10000011&lfid=1076033912522941,"<a  href=""https://m.weibo.cn/p/searchall?containerid=231522type%3D1%26q%3D%23%E7%89%B5%E6%89%8B%E7%9C%8B%E4%B8%96%E7%95%8C%23%26t%3D10&isnewpage=1&luicode=10000011&lfid=1076033912522941"" data-hide=""""><span class=""surl-text"">#牵手看世界#</span></a>七夕甜蜜大放送，情侣恩爱姿势大集合！77个百元甜蜜红包正在发放中，快秀出你们的甜蜜姿势吧~[给你小心心]",昨天 11:21,让红包飞
知名美食博主 美食视频自媒体<br>爱美食，爱生活，分享美食作法，分享美食资讯.合作qq2881249379,https://m.weibo.cn/status/GuSyUmh3P?mblogid=GuSyUmh3P&luicode=10000011&lfid=1076032509958092,包治百病  命里缺包！！！,5小时前,每天教你学做菜
知名美食博主 美食视频自媒体<br>爱美食，爱生活，分享美食作法，分享美食资讯.合作qq2881249379,https://m.weibo.cn/status/GuSrvqLHN?mblogid=GuSrvqLHN&luicode=10000011&lfid=1076032509958092,"“一辈子这么长 一定要和给你剥虾的人在一起”<span class=""url-icon""><img alt=""[心]"" src=""//h5.sinaimg.cn/m/emoticon/icon/others/l_xin-8e9a1a0346.png"" style=""width:1em; height:1em;""/></span> ​​​​<a  href=""https://m.weibo.cn/p/searchall?containerid=231522type%3D1%26q%3D%23%E5%A4%A7s+%E5%89%A5%E8%99%BE%E8%AE%BA%23%26t%3D10&extparam=%23%E5%A4%A7s+%E5%89%A5%E8%99%BE%E8%AE%BA%23&luicode=10000011&lfid=1076032509958092"" data-hide=""""><span class=""surl-text"">#大s 剥虾论#</span></a> ​​​",6小时前,每天教你学做菜
知名美食博主 美食视频自媒体<br>爱美食，爱生活，分享美食作法，分享美食资讯.合作qq2881249379,https://m.weibo.cn/status/GuSazflX6?mblogid=GuSazflX6&luicode=10000011&lfid=1076032509958092,"看得出来很cool<span class=""url-icon""><img alt=""[亲亲]"" src=""//h5.sinaimg.cn/m/emoticon/icon/default/d_qinqin-bdfbfb6ea7.png"" style=""width:1em; height:1em;""/></span>",6小时前,每天教你学做菜
知名美食博主 美食视频自媒体<br>爱美食，爱生活，分享美食作法，分享美食资讯.合作qq2881249379,https://m.weibo.cn/status/GuRUH1AA9?mblogid=GuRUH1AA9&luicode=10000011&lfid=1076032509958092,"陈建斌聂远 同样是演皇帝，为什么聂远老师在片场这么幸福，烦恼的陈建斌老师感到万分委屈！<span class=""url-icon""><img alt=""[哼]"" src=""//h5.sinaimg.cn/m/emoticon/icon/default/d_heng-5670fca4fa.png"" style=""width:1em; height:1em;""/></span> ​ 哈哈哈哈  要被文武哥哥笑死了<span class=""url-icon""><img alt=""[笑cry]"" src=""//h5.sinaimg.cn/m/emoticon/icon/default/d_xiaoku-7430606cb7.png"" style=""width:1em; height:1em;""/></span> ​​​",7小时前,每天教你学做菜
配音，解说。主要作品《我叫MT》美屡、法丝，《一可教你打魔兽》 游戏视频自媒体<br>在CV梦想路上狂奔的一条疯狗。工作邮箱：eviless@vip.qq.com 商务合作请邮件联系。,https://m.weibo.cn/status/GtzRAAqjb?mblogid=GtzRAAqjb&luicode=10000011&lfid=1076031310630777,"<a  href=""https://m.weibo.cn/p/searchall?containerid=231522type%3D1%26q%3D%23%E7%82%89%E7%9F%B3%E5%8F%B2%E5%86%8C%23%26t%3D10&isnewpage=1&luicode=10000011&lfid=1076031310630777"" data-hide=""""><span class=""surl-text"">#炉石史册#</span></a>《神奇机械》（上），明天就是炉石新版本砰砰计划了，所以，我们来聊聊机械们的故事吧。你看，人生总是能在不经意中，刷出很多惊喜的……<span class=""url-icon""><img alt=""[doge]"" src=""//h5.sinaimg.cn/m/emoticon/icon/others/d_doge-d903433c82.png"" style=""width:1em; height:1em;""/></span> <a data-url=""http://t.cn/RD5gffo"" href=""https://m.weibo.cn/p/index?containerid=2304444270491939335040&url_type=39&object_type=video&pos=1&luicode=10000011&lfid=1076031310630777"" data-hide=""""><span class='url-icon'><img style='width: 1rem;height: 1rem' src='https://h5.sinaimg.cn/upload/2015/09/25/3/timeline_card_small_video_default.png'></span><span class=""surl-text"">夏一可死毒舌的秒拍视频</span></a> ​​​",08-07,夏一可死毒舌
VSPN主持人、解说<br>🎀雨🎀LOL选手 解说 商务合作请联系：starbroker@vspn.com,https://m.weibo.cn/status/GtJnBAPTT?mblogid=GtJnBAPTT&luicode=10000011&lfid=1076032749401781,"<span class=""url-icon""><img alt=""[羞嗒嗒]"" src=""//h5.sinaimg.cn/m/emoticon/icon/lxh/lxh_xiudada-3da77c6e68.png"" style=""width:1em; height:1em;""/></span><span class=""url-icon""><img alt=""[羞嗒嗒]"" src=""//h5.sinaimg.cn/m/emoticon/icon/lxh/lxh_xiudada-3da77c6e68.png"" style=""width:1em; height:1em;""/></span>西安的小宝贝在哪呢",08-08,Rita小雨桑
知名读物博主<br>怀良辰以孤往。公众号：宋野望。,https://m.weibo.cn/status/EuCmy43dX?mblogid=EuCmy43dX&luicode=10000011&lfid=1076033089630091,"这是很好的一生。<a data-url=""http://t.cn/zRO3IJA"" href=""https://m.weibo.cn/p/index?containerid=10151501_918429&url_type=36&object_type=audio&pos=1&luicode=10000011&lfid=1076033089630091"" data-hide=""""><span class='url-icon'><img style='width: 1rem;height: 1rem' src='https://h5.sinaimg.cn/upload/2015/09/25/3/timeline_card_small_music_default.png'></span><span class=""surl-text"">Buy Me A Rose</span></a> ​​​",2017-02-08,宋野望
知名读物博主<br>怀良辰以孤往。公众号：宋野望。,https://m.weibo.cn/status/GuEuBi761?mblogid=GuEuBi761&luicode=10000011&lfid=1076033089630091,每个人的生活都需要一些不致命的温柔，晚安是最令人安心的一种。<br /><br />这是今天收到的温柔，也把这份温柔送给你。 ​​​,08-14,宋野望
知名读物博主<br>怀良辰以孤往。公众号：宋野望。,https://m.weibo.cn/status/GumO58eHb?mblogid=GumO58eHb&luicode=10000011&lfid=1076033089630091,这个夏天，到底是辜负了。 ​​​,08-13,宋野望
知名读物博主<br>怀良辰以孤往。公众号：宋野望。,https://m.weibo.cn/status/Gt8MJ78k9?mblogid=Gt8MJ78k9&luicode=10000011&lfid=1076033089630091,「 杨丞琳成都演唱会 」<br /><br />我的青春住了你，亲爱的少女。 ​​​,08-05,宋野望
知名读物博主<br>怀良辰以孤往。公众号：宋野望。,https://m.weibo.cn/status/GsXFSaHtA?mblogid=GsXFSaHtA&luicode=10000011&lfid=1076033089630091,"「 超有爱的交友APP/不就🕊 」<br /><br />最近发现的一款超级有意思的APP，可以发现一些有意思的人，社交恐惧症可以试试看。<br /><br />这里有平行时空的偶遇，由女孩子决定与谁相识，不喜欢就划掉，再也不会被莫名打扰。<br /><br />偌大的世界里，还有一方无忧的树洞，安放你的小情绪，小烦恼，你可以与这个世界上的有缘人相识 ​​​...<a href=""/status/4269025762550406"">全文</a>",08-03,宋野望
错过也是一种收获，感谢过程给予我的感动,https://m.weibo.cn/status/DrEwcoMiR?mblogid=DrEwcoMiR&luicode=10000011&lfid=1076033840672526,转发微博,2016-04-19,小基米123
错过也是一种收获，感谢过程给予我的感动,https://m.weibo.cn/status/Di4T6B6q6?mblogid=Di4T6B6q6&luicode=10000011&lfid=1076033840672526,"<a  href=""https://m.weibo.cn/p/searchall?containerid=231522type%3D1%26q%3D%23OPPO%E6%8B%8D%E7%85%A7%E6%89%8B%E6%9C%BAR7s%23%26t%3D10&luicode=10000011&lfid=1076033840672526"" data-hide=""""><span class=""surl-text"">#OPPO拍照手机R7s#</span></a>跟我一起唱：恭喜恭喜恭喜我呀，恭喜恭喜我~我刚抢到<a href='/n/OPPO'>@OPPO</a> 的新年红包喔，就喜欢这么有诚意的新年祝福！<a data-url=""http://t.cn/RGxfL26"" href=""https://m.weibo.cn/p/index?containerid=2306321000110_3840672526_01455588655630&luicode=10000011&lfid=1076033840672526"" data-hide=""""><span class='url-icon'><img style='width: 1rem;height: 1rem' src='https://h5.sinaimg.cn/upload/2015/09/25/3/timeline_card_small_web_default.png'></span><span class=""surl-text"">OPPO 的红包</span></a> ​​​",2016-02-16,小基米123
错过也是一种收获，感谢过程给予我的感动,https://m.weibo.cn/status/DhQu9v8Rv?mblogid=DhQu9v8Rv&luicode=10000011&lfid=1076033840672526,"<a  href=""https://m.weibo.cn/p/searchall?containerid=231522type%3D1%26q%3D%23%E6%9C%A8%E6%9C%A8%E8%8B%97%E8%8B%97%E6%9C%A8%E6%9C%A8%E7%9A%84%E7%BA%A2%E5%8C%85%23%26t%3D10&luicode=10000011&lfid=1076033840672526"" data-hide=""""><span class=""surl-text"">#木木苗苗木木的红包#</span></a>天上掉红包，不捡白不捡！ヽ(^。^)ノ 我被<a href='/n/木木苗苗木木'>@木木苗苗木木</a> 和<a href='/n/迈若风198412'>@迈若风198412</a> 一起发出的新年红包砸中啦！不要太幸运！不信你试试~<a data-url=""http://t.cn/RGIAIcA"" href=""https://m.weibo.cn/p/index?containerid=2306321000110_3840672526_01455456659342&luicode=10000011&lfid=1076033840672526"" data-hide=""""><span class='url-icon'><img style='width: 1rem;height: 1rem' src='https://h5.sinaimg.cn/upload/2015/09/25/3/timeline_card_small_web_default.png'></span><span class=""surl-text"">木木苗苗木木 的红包</span></a> ​​​",2016-02-14,小基米123
超话社区精选官方微博<br>看每日超话精彩内容，关注我就够了！,https://m.weibo.cn/status/GuSQ0ASm4?mblogid=GuSQ0ASm4&luicode=10000011&lfid=1076035936137028,"又是地中海又是猪窝又是大暴雨复活甲的<span class=""url-icon""><img alt=""[笑cry]"" src=""//h5.sinaimg.cn/m/emoticon/icon/default/d_xiaoku-7430606cb7.png"" style=""width:1em; height:1em;""/></span><span class=""url-icon""><img alt=""[笑cry]"" src=""//h5.sinaimg.cn/m/emoticon/icon/default/d_xiaoku-7430606cb7.png"" style=""width:1em; height:1em;""/></span>你们的脑瓜子里都是些啥啊<span class=""url-icon""><img alt=""[跪了]"" src=""//h5.sinaimg.cn/m/emoticon/icon/default/d_guile-89a9607fd3.png"" style=""width:1em; height:1em;""/></span><span class=""url-icon""><img alt=""[跪了]"" src=""//h5.sinaimg.cn/m/emoticon/icon/default/d_guile-89a9607fd3.png"" style=""width:1em; height:1em;""/></span>",5小时前,超话社区精选
超话社区精选官方微博<br>看每日超话精彩内容，关注我就够了！,https://m.weibo.cn/status/GuSovAafq?mblogid=GuSovAafq&luicode=10000011&lfid=1076035936137028,"高科技<a  href=""https://m.weibo.cn/p/index?containerid=100808f649792f7cbb049259c5aa4942a37ed2&extparam=%E8%87%AA%E6%8B%8D&luicode=10000011&lfid=1076035936137028"" data-hide=""""><span class='url-icon'><img style='width: 1rem;height: 1rem' src='https://h5.sinaimg.cn/upload/1000/8/2018/04/20/super_default.png'></span><span class=""surl-text"">自拍</span></a> 再也不用求人，你值得拥有<span class=""url-icon""><img alt=""[doge]"" src=""//h5.sinaimg.cn/m/emoticon/icon/others/d_doge-d903433c82.png"" style=""width:1em; height:1em;""/></span><a data-url=""http://t.cn/RDDrPqY"" href=""https://m.weibo.cn/p/index?containerid=2304444273377444076361&url_type=39&object_type=video&pos=1&luicode=10000011&lfid=1076035936137028"" data-hide=""""><span class='url-icon'><img style='width: 1rem;height: 1rem' src='https://h5.sinaimg.cn/upload/2015/09/25/3/timeline_card_small_video_default.png'></span><span class=""surl-text"">FuckYep的秒拍视频</span></a> （cr：FuckYep） ​​​",6小时前,超话社区精选
超话社区精选官方微博<br>看每日超话精彩内容，关注我就够了！,https://m.weibo.cn/status/GuM2wat2l?mblogid=GuM2wat2l&luicode=10000011&lfid=1076035936137028,"<a  href=""https://m.weibo.cn/p/index?containerid=100808e081a7c21129df4e736c745ab0a5fd8a&extparam=%E8%90%8C%E5%AE%A0&luicode=10000011&lfid=1076035936137028"" data-hide=""""><span class='url-icon'><img style='width: 1rem;height: 1rem' src='https://h5.sinaimg.cn/upload/1000/8/2018/04/20/super_default.png'></span><span class=""surl-text"">萌宠</span></a> 【汪：警告你，我也是有狗尊严的<span class=""url-icon""><img alt=""[挖鼻]"" src=""//h5.sinaimg.cn/m/emoticon/icon/default/d_wabishi-f5765407f7.png"" style=""width:1em; height:1em;""/></span>】8月13日，法国芒什省，当地媒体报道，狗狗在海边陪伴小主人玩耍时，一个浪头打来，小女孩站立不稳，被海浪冲倒跌倒在水中。狗狗上前咬住她的衣服努力往岸上拖，执着地将小女孩拖回安全地带。<a data-url=""http://t.cn/RDrufxp"" href=""http://miaopai.com/show/CMBuKYtSGDCS0~o6qbCjDQpuXlJORxDuwwmnAQ__.htm?from=1110006030&weiboauthoruid=5936137028&showurl=http%3A%2F%2Fmiaopai.com%2Fshow%2FCMBuKYtSGDCS0%7Eo6qbCjDQpuXlJORxDuwwmnAQ__.htm%3Ffrom%3D1110006030%26weiboauthoruid%3D5936137028&url_open_direct=1&toolbar_hidden=1&url_type=39&object_type=video&pos=1&containerid=23044222c03052db249a6d2cc919a633cbd013&luicode=10000011&lfid=1076035936137028"" data-hide=""""><span class='url-icon'><img style='width: 1rem;height: 1rem' src='https://h5.sinaimg.cn/upload/2015/09/25/3/timeline_card_small_video_default.png'></span><span class=""surl-text"">新京报我们视频的秒拍视频</span></a> <a href='/n/世面'>@世面</a> ​​​",22小时前,超话社区精选
超话社区精选官方微博<br>看每日超话精彩内容，关注我就够了！,https://m.weibo.cn/status/GuKGYbRdz?mblogid=GuKGYbRdz&luicode=10000011&lfid=1076035936137028,"都说中文是最难的。当中文碰上日语，你能听懂几句？<span class=""url-icon""><img alt=""[doge]"" src=""//h5.sinaimg.cn/m/emoticon/icon/others/d_doge-d903433c82.png"" style=""width:1em; height:1em;""/></span><span class=""url-icon""><img alt=""[doge]"" src=""//h5.sinaimg.cn/m/emoticon/icon/others/d_doge-d903433c82.png"" style=""width:1em; height:1em;""/></span><br />看着小哥那么认真的模样，我都不好意思笑了<span class=""url-icon""><img alt=""[拜拜]"" src=""//h5.sinaimg.cn/m/emoticon/icon/default/d_baibai-fdd5eeb1d1.png"" style=""width:1em; height:1em;""/></span><span class=""url-icon""><img alt=""[拜拜]"" src=""//h5.sinaimg.cn/m/emoticon/icon/default/d_baibai-fdd5eeb1d1.png"" style=""width:1em; height:1em;""/></span>#日语[超话]# <a data-url=""http://t.cn/RDgzwKM"" href=""https://m.weibo.cn/p/index?containerid=2304444273223886381717&url_type=39&object_type=video&pos=1&luicode=10000011&lfid=1076035936137028"" data-hide=""""><span class='url-icon'><img style='width: 1rem;height: 1rem' src='https://h5.sinaimg.cn/upload/2015/09/25/3/timeline_card_small_video_default.png'></span><span class=""surl-text"">松浦文哉的秒拍视频</span></a> ​​​",昨天 14:52,超话社区精选
本地资讯博主（上海）<br>关心都市民生，关注都市发展。最新、最快、最及时---报道上海的事儿，爱上海从我做起！个人微信号:sctt021,https://m.weibo.cn/status/GsA9n52XF?mblogid=GsA9n52XF&luicode=10000011&lfid=1076035876367749,八月头一天，转走它，一切顺利！节节高升！ ​​​​,08-01,申城头条
本地资讯博主（上海）<br>关心都市民生，关注都市发展。最新、最快、最及时---报道上海的事儿，爱上海从我做起！个人微信号:sctt021,https://m.weibo.cn/status/Grvnp5hiN?mblogid=Grvnp5hiN&luicode=10000011&lfid=1076035876367749,号外号外！8月有魔都吃货界的大事件！星爸爸出扭蛋了！北海道第一网红芝士『LeTAO』、日本咖啡第一品牌『DOUTOR』、广州85年老字号『点都德』还有8款网红单品！全部登陆wuli大魔都啦！via.深扒魔都 ​​​​,07-25,申城头条
知名本地博主 本地资讯博主（上海）<br>广告合作QQ17927092,https://m.weibo.cn/status/GuTYCzJQt?mblogid=GuTYCzJQt&luicode=10000011&lfid=1076035514607999,从16年认识魏大师，这两年来真的帮到我很多，算的很准，推荐给现阶段迷茫的宝宝！,2小时前,上海吃喝玩乐频道
知名母婴育儿博主<br>用心陪伴，用爱呵护，让宝宝健康成长。商务合作加qq：2850170715,https://m.weibo.cn/status/Gq9aRDSvr?mblogid=Gq9aRDSvr&luicode=10000011&lfid=1076035608066446,“别紧张，放松！”  “我疼！” ​​​,07-16,亲子育儿好时光
知名母婴育儿博主<br>用心陪伴，用爱呵护，让宝宝健康成长。商务合作加qq：2850170715,https://m.weibo.cn/status/Gq5Dv3Q4H?mblogid=Gq5Dv3Q4H&luicode=10000011&lfid=1076035608066446,美女老师住我隔壁，每天晚上发出一些奇怪的声音，我在墙上打了个洞，竟然发现…… ​​​,07-15,亲子育儿好时光
知名母婴育儿博主<br>用心陪伴，用爱呵护，让宝宝健康成长。商务合作加qq：2850170715,https://m.weibo.cn/status/Gq4sizeKy?mblogid=Gq4sizeKy&luicode=10000011&lfid=1076035608066446,“我躺好了，你开始吧……” ​​​,07-15,亲子育儿好时光
知名母婴育儿博主<br>用心陪伴，用爱呵护，让宝宝健康成长。商务合作加qq：2850170715,https://m.weibo.cn/status/Gq26idQuw?mblogid=Gq26idQuw&luicode=10000011&lfid=1076035608066446,【纹身在私密部位的时候要注意，千万不能纹这几个图案！】纹身的图案都有独特的意义，不可随便纹，一个小姐姐纹了这个图之后，3天后就出了事！ ​​​,07-15,亲子育儿好时光
新浪微博品牌活动   让红包飞官方微博<br>2018#让红包飞#——1月22日起，#让红包飞#超燃回归，更多玩法让你打call，网友明星齐狂欢！速来开启【抢红包】之旅吧~,https://m.weibo.cn/status/GuA87fM5L?mblogid=GuA87fM5L&luicode=10000011&lfid=1076033912522941,"<a  href=""https://m.weibo.cn/p/index?containerid=100165_-_travel2018_-_index&luicode=10000011&lfid=1076033912522941"" data-hide=""""><span class=""surl-text"">#带着微博去旅行#</span></a>百种旅行姿势征集，为你的七夕甜蜜加分！快带话题词<a  href=""https://m.weibo.cn/p/searchall?containerid=231522type%3D1%26q%3D%23%E7%89%B5%E6%89%8B%E7%9C%8B%E4%B8%96%E7%95%8C%23%26t%3D10&isnewpage=1&luicode=10000011&lfid=1076033912522941"" data-hide=""""><span class=""surl-text"">#牵手看世界#</span></a>晒出你的甜蜜七夕吧~现金大奖等你来拿<span class=""url-icon""><img alt=""[来]"" src=""//h5.sinaimg.cn/m/emoticon/icon/others/h_lai-809bc86d71.png"" style=""width:1em; height:1em;""/></span><span class=""url-icon""><img alt=""[来]"" src=""//h5.sinaimg.cn/m/emoticon/icon/others/h_lai-809bc86d71.png"" style=""width:1em; height:1em;""/></span><span class=""url-icon""><img alt=""[来]"" src=""//h5.sinaimg.cn/m/emoticon/icon/others/h_lai-809bc86d71.png"" style=""width:1em; height:1em;""/></span>",08-14,让红包飞
新浪微博品牌活动   让红包飞官方微博<br>2018#让红包飞#——1月22日起，#让红包飞#超燃回归，更多玩法让你打call，网友明星齐狂欢！速来开启【抢红包】之旅吧~,https://m.weibo.cn/status/GurFRpLTn?mblogid=GurFRpLTn&luicode=10000011&lfid=1076033912522941,"<a  href=""https://m.weibo.cn/p/index?containerid=100165_-_travel2018_-_index&luicode=10000011&lfid=1076033912522941"" data-hide=""""><span class=""surl-text"">#带着微博去旅行#</span></a>四季贵州的大浪池给你飞一般的酸爽体验~快来录制微博故事，添加挑战<a  href=""https://m.weibo.cn/p/searchall?containerid=231522type%3D1%26q%3D%23%E5%9F%8E%E5%B8%82%E6%97%85%E6%8B%8D%E5%AD%A3%23%26t%3D10&luicode=10000011&lfid=1076033912522941"" data-hide=""""><span class=""surl-text"">#城市旅拍季#</span></a>，晒出城市美景吧~<span class=""url-icon""><img alt=""[哈哈]"" src=""//h5.sinaimg.cn/m/emoticon/icon/default/d_haha-bdd6ceb619.png"" style=""width:1em; height:1em;""/></span>",08-13,让红包飞
新浪微博品牌活动   让红包飞官方微博<br>2018#让红包飞#——1月22日起，#让红包飞#超燃回归，更多玩法让你打call，网友明星齐狂欢！速来开启【抢红包】之旅吧~,https://m.weibo.cn/status/GtZREoIGK?mblogid=GtZREoIGK&luicode=10000011&lfid=1076033912522941,"<a  href=""https://m.weibo.cn/p/searchall?containerid=231522type%3D1%26q%3D%23%E5%B8%A6%E7%9D%80%E5%BE%AE%E5%8D%9A%E5%8E%BB%E6%BB%A8%E6%B5%B7%E6%B9%BE%E8%8A%B1%E5%9B%AD%23%26t%3D10&extparam=%23%E5%B8%A6%E7%9D%80%E5%BE%AE%E5%8D%9A%E5%8E%BB%E6%BB%A8%E6%B5%B7%E6%B9%BE%E8%8A%B1%E5%9B%AD%23&luicode=10000011&lfid=1076033912522941"" data-hide=""""><span class=""surl-text"">#带着微博去滨海湾花园#</span></a>去新加坡滨海湾花园避暑，赏花，拍森系美照，看奇幻灯光秀……现在参与活动，赢机酒+门票大奖吧~<span class=""url-icon""><img alt=""[鼓掌]"" src=""//h5.sinaimg.cn/m/emoticon/icon/default/d_guzhang-4ac2b70b8f.png"" style=""width:1em; height:1em;""/></span>",08-10,让红包飞
香港歌手，演员<br>有關內地工作查詢請聯絡:  內地代理經紀公司 ：绝色经纪     周嗣伟 13501173693  香港工作聯絡：寰亞娛樂 Alex Lee 98007001,https://m.weibo.cn/status/GuDO7kdPm?mblogid=GuDO7kdPm&luicode=10000011&lfid=1076031692801804,很是感動❤️,08-14,楊千嬅
香港歌手，演员<br>有關內地工作查詢請聯絡:  內地代理經紀公司 ：绝色经纪     周嗣伟 13501173693  香港工作聯絡：寰亞娛樂 Alex Lee 98007001,https://m.weibo.cn/status/GuDO7kdPm?mblogid=GuDO7kdPm&luicode=10000011&lfid=1076031692801804,很是感動❤️,08-14,楊千嬅
香港知名演员<br>銀河歲月有限公司    工作聯繫： Zuki Chan  852-95221515  電郵：zukichan@ggtalent.com.hk,https://m.weibo.cn/status/GusefFKGh?mblogid=GusefFKGh&luicode=10000011&lfid=1076031384952882,Miss the ocean ​​​,08-13,余文樂
香港知名演员<br>銀河歲月有限公司    工作聯繫： Zuki Chan  852-95221515  電郵：zukichan@ggtalent.com.hk,https://m.weibo.cn/status/GusefFKGh?mblogid=GusefFKGh&luicode=10000011&lfid=1076031384952882,Miss the ocean ​​​,08-13,余文樂
香港知名演员<br>銀河歲月有限公司    工作聯繫： Zuki Chan  852-95221515  電郵：zukichan@ggtalent.com.hk,https://m.weibo.cn/status/GusdN2MeN?mblogid=GusdN2MeN&luicode=10000011&lfid=1076031384952882,8月18號，我在蘇尚兒約定你,08-13,余文樂
香港知名演员<br>銀河歲月有限公司    工作聯繫： Zuki Chan  852-95221515  電郵：zukichan@ggtalent.com.hk,https://m.weibo.cn/status/GtFEJDpAf?mblogid=GtFEJDpAf&luicode=10000011&lfid=1076031384952882,"<a  href=""https://m.weibo.cn/p/searchall?containerid=231522type%3D1%26q%3D%23yohood2018%23%26t%3D10&luicode=10000011&lfid=1076031384952882"" data-hide=""""><span class=""surl-text"">#yohood2018#</span></a><a  href=""https://m.weibo.cn/p/searchall?containerid=231522type%3D1%26q%3D%23yohobuy%E6%9C%89%E8%B2%A8%23%26t%3D10&extparam=%23yohobuy%E6%9C%89%E8%B2%A8%23&luicode=10000011&lfid=1076031384952882"" data-hide=""""><span class=""surl-text"">#yohobuy有貨#</span></a> ​​​",08-08,余文樂
配音，解说。主要作品《我叫MT》美屡、法丝，《一可教你打魔兽》 游戏视频自媒体<br>在CV梦想路上狂奔的一条疯狗。工作邮箱：eviless@vip.qq.com 商务合作请邮件联系。,https://m.weibo.cn/status/GuU7ymqGh?mblogid=GuU7ymqGh&luicode=10000011&lfid=1076031310630777,"转发关注roll个210战网点，我知道你们都缺一张季卡<span class=""url-icon""><img alt=""[笑而不语]"" src=""//h5.sinaimg.cn/m/emoticon/icon/default/d_heiheihei-c1027e7c02.png"" style=""width:1em; height:1em;""/></span>",2小时前,夏一可死毒舌
知名读物博主<br>怀良辰以孤往。公众号：宋野望。,https://m.weibo.cn/status/GsxjxcesN?mblogid=GsxjxcesN&luicode=10000011&lfid=1076033089630091,八月。<br /><br />如果生命中没有那么多可歌可泣，我祝你万事胜意。 ​​​,08-01,宋野望
知名读物博主<br>怀良辰以孤往。公众号：宋野望。,https://m.weibo.cn/status/GsvUysGl2?mblogid=GsvUysGl2&luicode=10000011&lfid=1076033089630091,"为啥要同情人家呀，人家有钱有颜有名气，分手也洒脱且酷，不会哭着喊着要回头。<br /><br />说啥女生为一个男生付出了多少多少，谈恋爱的时候，男生也在付出呀。互相陪伴走一段路，然后分开，这是人和人之间最大概率的交集，太正常不过了。<br /><br />不心存亏欠，也不刻意苦情，彼此轻松地相处，离开或者在一起，都只是人 ​​​...<a href=""/status/4267958546835936"">全文</a>",07-31,宋野望
VSPN主持人、解说<br>🎀雨🎀LOL选手 解说 商务合作请联系：starbroker@vspn.com,https://m.weibo.cn/status/GtH962Riv?mblogid=GtH962Riv&luicode=10000011&lfid=1076032749401781,"5号上午cj 下午LPL 6号直播 7号LPL 8号录节目 最近是小超人 为自己打call<span class=""url-icon""><img alt=""[羞嗒嗒]"" src=""//h5.sinaimg.cn/m/emoticon/icon/lxh/lxh_xiudada-3da77c6e68.png"" style=""width:1em; height:1em;""/></span><br /><br />今天是黑发girl<span class=""url-icon""><img alt=""[心]"" src=""//h5.sinaimg.cn/m/emoticon/icon/others/l_xin-8e9a1a0346.png"" style=""width:1em; height:1em;""/></span> 想你们。 ​​​",08-08,Rita小雨桑
VSPN主持人、解说<br>🎀雨🎀LOL选手 解说 商务合作请联系：starbroker@vspn.com,https://m.weibo.cn/status/GtqcBqoqO?mblogid=GtqcBqoqO&luicode=10000011&lfid=1076032749401781,"<a data-url=""http://t.cn/RBhCpbe"" target=""_blank"" href=""https://weibo.cn/sinaurl/blockedaee180a3?anchorid=446908580&luicode=10000011&lfid=1076032749401781&u=http%3A%2F%2Fm.egame.qq.com%2Flive%3Fanchorid%3D446908580"" class=""""><span class='url-icon'><img style='width: 1rem;height: 1rem' src='//h5.sinaimg.cn/upload/2015/09/25/3/timeline_card_small_web_default.png'></span><span class=""surl-text"">网页链接</span></a> 直播了 。。嘻嘻<span class=""url-icon""><img alt=""[偷乐]"" src=""//h5.sinaimg.cn/m/emoticon/icon/lxh/lxh_toule-459dafd648.png"" style=""width:1em; height:1em;""/></span> ​​​",08-06,Rita小雨桑
错过也是一种收获，感谢过程给予我的感动,https://m.weibo.cn/status/DgQFtqmlw?mblogid=DgQFtqmlw&luicode=10000011&lfid=1076033840672526,"<a  href=""https://m.weibo.cn/p/searchall?containerid=231522type%3D1%26q%3D%23angelababy%E7%9A%84%E7%BA%A2%E5%8C%85%23%26t%3D10&isnewpage=1&luicode=10000011&lfid=1076033840672526"" data-hide=""""><span class=""surl-text"">#angelababy的红包#</span></a>跟我一起唱：恭喜恭喜恭喜我呀，恭喜恭喜我~我刚抢到angelababy 的新年红包喔！不要太幸运，你也试试吧~<a data-url=""http://t.cn/RGyIbTn"" href=""https://m.weibo.cn/p/index?containerid=2306321000110_3840672526_01454890114263&luicode=10000011&lfid=1076033840672526"" data-hide=""""><span class='url-icon'><img style='width: 1rem;height: 1rem' src='https://h5.sinaimg.cn/upload/2015/09/25/3/timeline_card_small_web_default.png'></span><span class=""surl-text"">angelababy 的红包</span></a> ​​​",2016-02-08,小基米123
超话社区精选官方微博<br>看每日超话精彩内容，关注我就够了！,https://m.weibo.cn/status/GuKEipeWa?mblogid=GuKEipeWa&luicode=10000011&lfid=1076035936137028,"【女孩公交遇色狼反被骂：摸你是你的幸福！<span class=""url-icon""><img alt=""[怒]"" src=""//h5.sinaimg.cn/m/emoticon/icon/default/d_nu-3895b46600.png"" style=""width:1em; height:1em;""/></span>】10日，<a  href=""https://m.weibo.cn/p/index?containerid=1008087e040aa9cb2ec494b0a4d52c147e682c&extparam=%E5%B9%BF%E5%B7%9E&luicode=10000011&lfid=1076035936137028"" data-hide=""""><span class='url-icon'><img style='width: 1rem;height: 1rem' src='https://h5.sinaimg.cn/upload/1000/8/2018/04/20/super_default.png'></span><span class=""surl-text"">广州</span></a> 一公交上，一男子骚扰女乘客，还口出狂言“摸你是你的幸福”。该男子试图离开，被上班族梁先生拦住，后被民警带走。梁先生：“非礼还特别嚣张，当时没想那么多，就很想打他！”<a href='/n/梨视频'>@梨视频</a> <a data-url=""http://t.cn/RD9kv36"" href=""http://miaopai.com/show/zH4NhtJY395kiM5e1Dg~Bx5vYEJ1Kfde2zWyjw__.htm?from=1110006030&weiboauthoruid=5936137028&showurl=http%3A%2F%2Fmiaopai.com%2Fshow%2FzH4NhtJY395kiM5e1Dg%7EBx5vYEJ1Kfde2zWyjw__.htm%3Ffrom%3D1110006030%26weiboauthoruid%3D5936137028&url_open_direct=1&toolbar_hidden=1&url_type=39&object_type=video&pos=1&containerid=23044262fe1feb36dca6410545c725a6754376&luicode=10000011&lfid=1076035936137028"" data-hide=""""><span class='url-icon'><img style='width: 1rem;height: 1rem' src='https://h5.sinaimg.cn/upload/2015/09/25/3/timeline_card_small_video_default.png'></span><span class=""surl-text"">朝九晚五Video的秒拍视频</span></a> ​​​",昨天 14:46,超话社区精选
超话社区精选官方微博<br>看每日超话精彩内容，关注我就够了！,https://m.weibo.cn/status/GuKoXtX7s?mblogid=GuKoXtX7s&luicode=10000011&lfid=1076035936137028,"<a  href=""https://m.weibo.cn/p/index?containerid=100808c8922754fd0f2ba821918f4e69a04a71&extparam=%E7%BE%8E%E9%A3%9F&luicode=10000011&lfid=1076035936137028"" data-hide=""""><span class='url-icon'><img style='width: 1rem;height: 1rem' src='https://h5.sinaimg.cn/upload/1000/8/2018/04/20/super_default.png'></span><span class=""surl-text"">美食</span></a> 日本小哥在印度路边点了一份炒饭，围观了做炒饭的全程，略惶恐<span class=""url-icon""><img alt=""[生病]"" src=""//h5.sinaimg.cn/m/emoticon/icon/default/d_shengbing-450402bc7c.png"" style=""width:1em; height:1em;""/></span><span class=""url-icon""><img alt=""[生病]"" src=""//h5.sinaimg.cn/m/emoticon/icon/default/d_shengbing-450402bc7c.png"" style=""width:1em; height:1em;""/></span>爸妈老不让你吃路边摊，这下可知道为什么了吧<span class=""url-icon""><img alt=""[感冒]"" src=""//h5.sinaimg.cn/m/emoticon/icon/default/d_ganmao-babf39d6ae.png"" style=""width:1em; height:1em;""/></span><span class=""url-icon""><img alt=""[感冒]"" src=""//h5.sinaimg.cn/m/emoticon/icon/default/d_ganmao-babf39d6ae.png"" style=""width:1em; height:1em;""/></span><a data-url=""http://t.cn/RDEN0Bs"" href=""https://m.weibo.cn/p/index?containerid=2304444272626135196515&url_type=39&object_type=video&pos=1&luicode=10000011&lfid=1076035936137028"" data-hide=""""><span class='url-icon'><img style='width: 1rem;height: 1rem' src='https://h5.sinaimg.cn/upload/2015/09/25/3/timeline_card_small_video_default.png'></span><span class=""surl-text"">林萍在日本的秒拍视频</span></a> （Youtube:今日ヤバイ奴に会った) ​​​",昨天 14:08,超话社区精选
本地资讯博主（上海）<br>关心都市民生，关注都市发展。最新、最快、最及时---报道上海的事儿，爱上海从我做起！个人微信号:sctt021,https://m.weibo.cn/status/GqGNviJQe?mblogid=GqGNviJQe&luicode=10000011&lfid=1076035876367749,"史上最全、最地道的上海吃吃吃攻略<span class=""url-icon""><img alt=""[舔屏]"" src=""//h5.sinaimg.cn/m/emoticon/icon/default/d_tian-52ea252705.png"" style=""width:1em; height:1em;""/></span>via知书少年 ​​​",07-19,申城头条
本地资讯博主（上海）<br>关心都市民生，关注都市发展。最新、最快、最及时---报道上海的事儿，爱上海从我做起！个人微信号:sctt021,https://m.weibo.cn/status/GqaOli7gy?mblogid=GqaOli7gy&luicode=10000011&lfid=1076035876367749,"<a  href=""https://m.weibo.cn/p/searchall?containerid=231522type%3D1%26q%3D%23%E4%B8%8A%E6%B5%B7%E8%BA%AB%E8%BE%B9%E4%BA%8B%23%26t%3D10&isnewpage=1&luicode=10000011&lfid=1076035876367749"" data-hide=""""><span class=""surl-text"">#上海身边事#</span></a> 【上海吴淞口一货轮被撞沉10人失踪 沉船公司：对方船只抢道】7月15日，货轮“顺强2”与“永安“于上海吴淞口附近水域发生碰撞，致“顺强2”轮沉没，船上13人落水，其中3人获救，10人失踪。“顺强2”所属公司法人介绍：“我们直行就是说正常走着路，他们突然拐弯过来，对方避让操作不当” ​​​...<a href=""/status/4262380894317838"">全文</a>",07-16,申城头条
本地资讯博主（上海）<br>关心都市民生，关注都市发展。最新、最快、最及时---报道上海的事儿，爱上海从我做起！个人微信号:sctt021,https://m.weibo.cn/status/GpVeKCzQa?mblogid=GpVeKCzQa&luicode=10000011&lfid=1076035876367749,"今日申城的晚霞，愿天天都这么美！！<span class=""url-icon""><img alt=""[心]"" src=""//h5.sinaimg.cn/m/emoticon/icon/others/l_xin-8e9a1a0346.png"" style=""width:1em; height:1em;""/></span><span class=""url-icon""><img alt=""[爱你]"" src=""//h5.sinaimg.cn/m/emoticon/icon/default/d_aini-2b6c9354c7.png"" style=""width:1em; height:1em;""/></span> ​<a href='/n/新浪上海'>@新浪上海</a> ​​​",07-14,申城头条
本地资讯博主（上海）<br>关心都市民生，关注都市发展。最新、最快、最及时---报道上海的事儿，爱上海从我做起！个人微信号:sctt021,https://m.weibo.cn/status/GpIqTmis6?mblogid=GpIqTmis6&luicode=10000011&lfid=1076035876367749,"【夏天到了，这些沪上的冷面冷馄饨别错过<span class=""url-icon""><img alt=""[舔屏]"" src=""//h5.sinaimg.cn/m/emoticon/icon/default/d_tian-52ea252705.png"" style=""width:1em; height:1em;""/></span>】上海人的夏天，如果少了冷面冷馄饨和那一碗碗花生酱和芝麻酱的迷人香味，这火辣盛夏肯定算是白过了！一碗完美的冷面可能会是怎样的呢？那一份优秀的冷馄饨又该有什么表现呢？来看看呗！ ​via.乐游上海 ​​​​",07-13,申城头条
本地资讯博主（上海）<br>关心都市民生，关注都市发展。最新、最快、最及时---报道上海的事儿，爱上海从我做起！个人微信号:sctt021,https://m.weibo.cn/status/Gpp8XfybY?mblogid=Gpp8XfybY&luicode=10000011&lfid=1076035876367749,现在有一样食材，“攻略魔都各大餐厅”没有你吃不到的菜，只有你想不到的吃法！TA可盐可甜，上海人一天三顿几乎都需要，TA就是咸！蛋！黄！咸蛋黄以及它的周边简直承包了魔都人民的每一张Menu！via.淘最上海 ​​​​,07-11,申城头条
本地资讯博主（上海）<br>关心都市民生，关注都市发展。最新、最快、最及时---报道上海的事儿，爱上海从我做起！个人微信号:sctt021,https://m.weibo.cn/status/GpnPOcYTq?mblogid=GpnPOcYTq&luicode=10000011&lfid=1076035876367749,"据网友爆料称: ​2号线上海本地大妈没位置因不满，向一位年龄比较小的妹妹说三道四称:没有花钱买票没给她让位置。并非如此其他车厢还有很多空位。道德绑架！谁规定的地铁上必须给老人让座？你的素质呢？<a data-url=""http://t.cn/RdEpivt"" href=""http://miaopai.com/show/PtWcFrzNXhesDwqvnmzsk5BiK8kQOr1KqT7nOQ__.htm?from=1110006030&weiboauthoruid=5876367749&showurl=http%3A%2F%2Fmiaopai.com%2Fshow%2FPtWcFrzNXhesDwqvnmzsk5BiK8kQOr1KqT7nOQ__.htm%3Ffrom%3D1110006030%26weiboauthoruid%3D5876367749&url_open_direct=1&toolbar_hidden=1&url_type=39&object_type=video&pos=1&containerid=230442ea90e06f2f99ab3d97378f5e93772a31&luicode=10000011&lfid=1076035876367749"" data-hide=""""><span class='url-icon'><img style='width: 1rem;height: 1rem' src='https://h5.sinaimg.cn/upload/2015/09/25/3/timeline_card_small_video_default.png'></span><span class=""surl-text"">微博申城头条的秒拍视频</span></a> ​​​",07-11,申城头条
本地资讯博主（上海）<br>关心都市民生，关注都市发展。最新、最快、最及时---报道上海的事儿，爱上海从我做起！个人微信号:sctt021,https://m.weibo.cn/status/Gpe5FjNaH?mblogid=Gpe5FjNaH&luicode=10000011&lfid=1076035876367749,"老照片 | 上海记忆，1976年。摄影：迈克尔<a  href=""https://m.weibo.cn/p/searchall?containerid=231522type%3D1%26q%3D%23%E4%B8%8A%E6%B5%B7%E5%9F%8E%E4%BA%8B%23%26t%3D10&luicode=10000011&lfid=1076035876367749"" data-hide=""""><span class=""surl-text"">#上海城事#</span></a>  ​ ​​​",07-10,申城头条
知名本地博主 本地资讯博主（上海）<br>广告合作QQ17927092,https://m.weibo.cn/status/GuTUBuelF?mblogid=GuTUBuelF&luicode=10000011&lfid=1076035514607999,"<a  href=""https://m.weibo.cn/p/searchall?containerid=231522type%3D1%26q%3D%23%E4%B8%8A%E6%B5%B7%E7%94%9F%E6%B4%BB%23%26t%3D10&isnewpage=1&luicode=10000011&lfid=1076035514607999"" data-hide=""""><span class=""surl-text"">#上海生活#</span></a> 上海这些超级PLUS美食你吃过几样？ ​​​",2小时前,上海吃喝玩乐频道
創作型華語女歌手<br>名稱：戴佩妮 Penny Tai。材質：無法解析的超複合媒材。Size：尺寸不定。出品年份：1999。收藏處：你和我心裡的藝術館 永遠收藏。,https://m.weibo.cn/status/Gu3VxaeXH?mblogid=Gu3VxaeXH&luicode=10000011&lfid=1076032493080314,"总彩完⋯饿了🤤🤤🤤<br />幸好有Orange送的水果篮和Capri By Fraser 送的兰花（当然不会吃花）🎉🎉🎉<br />今天会圆满的🙇🏻‍♀️🙇🏻‍♀️🙇🏻‍♀️因为我有一大颗凤梨还有收到鸿哥、Jamie Wilson和各方大神感人的祝福💪🏻💪🏻💪🏻<br />Love ah nee ​​​...<a href=""/status/4271649392440797"">全文</a>",08-11,戴佩妮
創作型華語女歌手<br>名稱：戴佩妮 Penny Tai。材質：無法解析的超複合媒材。Size：尺寸不定。出品年份：1999。收藏處：你和我心裡的藝術館 永遠收藏。,https://m.weibo.cn/status/GtdjYqFHW?mblogid=GtdjYqFHW&luicode=10000011&lfid=1076032493080314,技术不好的大福哥爱这种纾压的方式🙌🙌🙌<br />就算车歪了也没压力呵呵～～～因为衣服是戴佩妮演唱会要穿的🤤🤤🤤<br />Love ah nee<a href='/n/觉得只是DIY而已👉🏻8'>@觉得只是DIY而已👉🏻8</a>/11见衣本尊就明白了👌👌👌 ​​​,08-05,戴佩妮
創作型華語女歌手<br>名稱：戴佩妮 Penny Tai。材質：無法解析的超複合媒材。Size：尺寸不定。出品年份：1999。收藏處：你和我心裡的藝術館 永遠收藏。,https://m.weibo.cn/status/GsbQb2nC5?mblogid=GsbQb2nC5&luicode=10000011&lfid=1076032493080314,"她说：“大概十年没去马来西亚了～～～”🤔🤔🤔<br />那…不如就跟我去一趟吧😄😄😄<br />Love ah nee<a href='/n/觉得8月11号现场朋友的热情不会让妳失望的🤘🏻🤘🏻🤘🏻<br'>@觉得8月11号现场朋友的热情不会让妳失望的🤘🏻🤘🏻🤘🏻<br</a> /><br /><a  href=""https://m.weibo.cn/p/searchall?containerid=231522type%3D1%26q%3D%23811%E9%A9%AC%E6%9D%A5%E8%A5%BF%E4%BA%9A%E8%B4%BC%E6%9C%80%E7%BB%88%E7%AB%99%23%26t%3D10&extparam=%23811%E9%A9%AC%E6%9D%A5%E8%A5%BF%E4%BA%9A%E8%B4%BC%E6%9C%80%E7%BB%88%E7%AB%99%23&luicode=10000011&lfid=1076032493080314"" data-hide=""""><span class=""surl-text"">#811马来西亚贼最终站#</span></a><a  href=""https://m.weibo.cn/p/searchall?containerid=231522type%3D1%26q%3D%23%E5%98%89%E5%AE%BE%E8%AE%A9%E6%88%91%E6%83%B3%E4%B8%80%E6%83%B3%23%26t%3D10&extparam=%23%E5%98%89%E5%AE%BE%E8%AE%A9%E6%88%91%E6%83%B3%E4%B8%80%E6%83%B3%23&luicode=10000011&lfid=1076032493080314"" data-hide=""""><span class=""surl-text"">#嘉宾让我想一想#</span></a><a  href=""https://m.weibo.cn/p/searchall?containerid=231522type%3D1%26q%3D%23Cheer%23%26t%3D10&luicode=10000011&lfid=1076032493080314"" data-hide=""""><span class=""surl-text"">#Cheer#</span></a> ​​​",07-29,戴佩妮
新浪微博品牌活动   让红包飞官方微博<br>2018#让红包飞#——1月22日起，#让红包飞#超燃回归，更多玩法让你打call，网友明星齐狂欢！速来开启【抢红包】之旅吧~,https://m.weibo.cn/status/GtZo8qv63?mblogid=GtZo8qv63&luicode=10000011&lfid=1076033912522941,"成都国宝熊猫在线打架，简直萌到犯规！<span class=""url-icon""><img alt=""[哈哈]"" src=""//h5.sinaimg.cn/m/emoticon/icon/default/d_haha-bdd6ceb619.png"" style=""width:1em; height:1em;""/></span>快来录制微博故事，晒出你的城市美景吧~",08-10,让红包飞
新浪微博品牌活动   让红包飞官方微博<br>2018#让红包飞#——1月22日起，#让红包飞#超燃回归，更多玩法让你打call，网友明星齐狂欢！速来开启【抢红包】之旅吧~,https://m.weibo.cn/status/GtYjGkwHn?mblogid=GtYjGkwHn&luicode=10000011&lfid=1076033912522941,"百变旅行官<a href='/n/吴磊LEO喊你来测评啦！快晒出你的旅行自拍照'>@吴磊LEO喊你来测评啦！快晒出你的旅行自拍照</a>，更有旅行红包等你来拿，戳长图了解一下~<span class=""url-icon""><img alt=""[鼓掌]"" src=""//h5.sinaimg.cn/m/emoticon/icon/default/d_guzhang-4ac2b70b8f.png"" style=""width:1em; height:1em;""/></span>",08-10,让红包飞
新浪微博品牌活动   让红包飞官方微博<br>2018#让红包飞#——1月22日起，#让红包飞#超燃回归，更多玩法让你打call，网友明星齐狂欢！速来开启【抢红包】之旅吧~,https://m.weibo.cn/status/GtQnbFVtX?mblogid=GtQnbFVtX&luicode=10000011&lfid=1076033912522941,"2018<a  href=""https://m.weibo.cn/p/index?containerid=100165_-_travel2018_-_index&luicode=10000011&lfid=1076033912522941"" data-hide=""""><span class=""surl-text"">#带着微博去旅行#</span></a> 听说集齐全套博物馆卡就有众多惊喜在等着你哦，快来开启一场博物馆奇妙之旅吧~",08-09,让红包飞
新浪微博品牌活动   让红包飞官方微博<br>2018#让红包飞#——1月22日起，#让红包飞#超燃回归，更多玩法让你打call，网友明星齐狂欢！速来开启【抢红包】之旅吧~,https://m.weibo.cn/status/GtPXE7IYT?mblogid=GtPXE7IYT&luicode=10000011&lfid=1076033912522941,"2018<a  href=""https://m.weibo.cn/p/index?containerid=100165_-_travel2018_-_index&luicode=10000011&lfid=1076033912522941"" data-hide=""""><span class=""surl-text"">#带着微博去旅行#</span></a>全新回归！明星旅行官引领六大主题，带你一起发现最美世界，快戳长图了解更多内容~<span class=""url-icon""><img alt=""[羞嗒嗒]"" src=""//h5.sinaimg.cn/m/emoticon/icon/lxh/lxh_xiudada-3da77c6e68.png"" style=""width:1em; height:1em;""/></span>",08-09,让红包飞
香港歌手，演员<br>有關內地工作查詢請聯絡:  內地代理經紀公司 ：绝色经纪     周嗣伟 13501173693  香港工作聯絡：寰亞娛樂 Alex Lee 98007001,https://m.weibo.cn/status/GunS58eYk?mblogid=GunS58eYk&luicode=10000011&lfid=1076031692801804,應該叫早晨還是晚安？🎬🎬🎬<br />公主+搖滾之母+特技人 = #多功能老婆 #<br />瘋狂拍攝中，五天睡了十二小時，大家繼續努力💪🏻 ​​​,08-13,楊千嬅
香港歌手，演员<br>有關內地工作查詢請聯絡:  內地代理經紀公司 ：绝色经纪     周嗣伟 13501173693  香港工作聯絡：寰亞娛樂 Alex Lee 98007001,https://m.weibo.cn/status/GubThxWck?mblogid=GubThxWck&luicode=10000011&lfid=1076031692801804,咬著唇邊，穿起婚紗上路⋯⋯ 延續著這種相愛到白鬢.🤣🥂 我們9❤️,08-11,楊千嬅
香港歌手，演员<br>有關內地工作查詢請聯絡:  內地代理經紀公司 ：绝色经纪     周嗣伟 13501173693  香港工作聯絡：寰亞娛樂 Alex Lee 98007001,https://m.weibo.cn/status/GtILfusdO?mblogid=GtILfusdO&luicode=10000011&lfid=1076031692801804,轉發微博,08-08,楊千嬅
香港知名演员<br>銀河歲月有限公司    工作聯繫： Zuki Chan  852-95221515  電郵：zukichan@ggtalent.com.hk,https://m.weibo.cn/status/Gt43hCcNc?mblogid=Gt43hCcNc&luicode=10000011&lfid=1076031384952882,夏天✌🏻 ​​​,08-04,余文樂
香港知名演员<br>銀河歲月有限公司    工作聯繫： Zuki Chan  852-95221515  電郵：zukichan@ggtalent.com.hk,https://m.weibo.cn/status/GrR4QwjOJ?mblogid=GrR4QwjOJ&luicode=10000011&lfid=1076031384952882,Enjoying my moment ​​​,07-27,余文樂
香港知名演员<br>銀河歲月有限公司    工作聯繫： Zuki Chan  852-95221515  電郵：zukichan@ggtalent.com.hk,https://m.weibo.cn/status/GqMVZDfFB?mblogid=GqMVZDfFB&luicode=10000011&lfid=1076031384952882,四年了，感謝。 ​​​,07-20,余文樂
香港知名演员<br>銀河歲月有限公司    工作聯繫： Zuki Chan  852-95221515  電郵：zukichan@ggtalent.com.hk,https://m.weibo.cn/status/GqxsrAPAA?mblogid=GqxsrAPAA&luicode=10000011&lfid=1076031384952882,東京的朋友明天見,07-18,余文樂
香港知名演员<br>銀河歲月有限公司    工作聯繫： Zuki Chan  852-95221515  電郵：zukichan@ggtalent.com.hk,https://m.weibo.cn/status/GqxsdbH42?mblogid=GqxsdbH42&luicode=10000011&lfid=1076031384952882,希望大家會喜歡,07-18,余文樂
香港知名演员<br>銀河歲月有限公司    工作聯繫： Zuki Chan  852-95221515  電郵：zukichan@ggtalent.com.hk,https://m.weibo.cn/status/GpIXCh2jl?mblogid=GpIXCh2jl&luicode=10000011&lfid=1076031384952882,喜歡充滿愛的事情，希望世界繼續多點愛，多點正面的力量❤️<br />Respect them all!! ​​​,07-13,余文樂
香港知名演员<br>銀河歲月有限公司    工作聯繫： Zuki Chan  852-95221515  電郵：zukichan@ggtalent.com.hk,https://m.weibo.cn/status/GpB3fDOAB?mblogid=GpB3fDOAB&luicode=10000011&lfid=1076031384952882,是時候鍛練一下 ​​​,07-12,余文樂
配音，解说。主要作品《我叫MT》美屡、法丝，《一可教你打魔兽》 游戏视频自媒体<br>在CV梦想路上狂奔的一条疯狗。工作邮箱：eviless@vip.qq.com 商务合作请邮件联系。,https://m.weibo.cn/status/GuU6eamdc?mblogid=GuU6eamdc&luicode=10000011&lfid=1076031310630777,"有毒的阿昆达……<span class=""url-icon""><img alt=""[允悲]"" src=""//h5.sinaimg.cn/m/emoticon/icon/default/d_yunbei-c6964bf237.png"" style=""width:1em; height:1em;""/></span> <a data-url=""http://t.cn/RkPhnBh"" href=""http://photo.weibo.com/h5/repost/reppic_id/1022:23079636a7ab5369fd0419b22d6f4a5e700e31?luicode=10000011&lfid=1076031310630777"" data-hide=""""><span class='url-icon'><img style='width: 1rem;height: 1rem' src='//h5.sinaimg.cn/upload/2015/01/21/20/timeline_card_small_photo_default.png'></span><span class=""surl-text"">查看图片</span></a>",2小时前,夏一可死毒舌
配音，解说。主要作品《我叫MT》美屡、法丝，《一可教你打魔兽》 游戏视频自媒体<br>在CV梦想路上狂奔的一条疯狗。工作邮箱：eviless@vip.qq.com 商务合作请邮件联系。,https://m.weibo.cn/status/GuTTytk0M?mblogid=GuTTytk0M&luicode=10000011&lfid=1076031310630777,"<a  href=""https://m.weibo.cn/p/searchall?containerid=231522type%3D1%26q%3D%23%E4%B8%80%E5%8F%AF%E7%9A%84%E9%AD%94%E5%85%BD%E6%95%99%E5%AE%A4%23%26t%3D10&isnewpage=1&luicode=10000011&lfid=1076031310630777"" data-hide=""""><span class=""surl-text"">#一可的魔兽教室#</span></a> 《魔兽世界8.0》奥迪尔7号：拆解者米斯拉克斯！万万没想到，戈霍恩的封印竟然是被一只小龙虾解除的。解决了它以后，脚男们就要直面赞达拉岛上最恐怖的存在——戈霍恩了。那么问题来了…… <a data-url=""http://t.cn/RkvgH87"" href=""https://m.weibo.cn/p/index?containerid=2304444273646446011444&url_type=39&object_type=video&pos=1&luicode=10000011&lfid=1076031310630777"" data-hide=""""><span class='url-icon'><img style='width: 1rem;height: 1rem' src='https://h5.sinaimg.cn/upload/2015/09/25/3/timeline_card_small_video_default.png'></span><span class=""surl-text"">夏一可死毒舌的秒拍视频</span></a> ​​​",2小时前,夏一可死毒舌
配音，解说。主要作品《我叫MT》美屡、法丝，《一可教你打魔兽》 游戏视频自媒体<br>在CV梦想路上狂奔的一条疯狗。工作邮箱：eviless@vip.qq.com 商务合作请邮件联系。,https://m.weibo.cn/status/GuTTkfnVg?mblogid=GuTTkfnVg&luicode=10000011&lfid=1076031310630777,部落玩家新日常。 ​​​,2小时前,夏一可死毒舌
配音，解说。主要作品《我叫MT》美屡、法丝，《一可教你打魔兽》 游戏视频自媒体<br>在CV梦想路上狂奔的一条疯狗。工作邮箱：eviless@vip.qq.com 商务合作请邮件联系。,https://m.weibo.cn/status/GuLSYe7Pm?mblogid=GuLSYe7Pm&luicode=10000011&lfid=1076031310630777,高山余晖，可真是美丽啊 ​​​,22小时前,夏一可死毒舌
配音，解说。主要作品《我叫MT》美屡、法丝，《一可教你打魔兽》 游戏视频自媒体<br>在CV梦想路上狂奔的一条疯狗。工作邮箱：eviless@vip.qq.com 商务合作请邮件联系。,https://m.weibo.cn/status/GuE4mEpyr?mblogid=GuE4mEpyr&luicode=10000011&lfid=1076031310630777,"现在阵营任务好像有bug。<br />本来是分别在112、114、116级开启三个据点的任务。<br />但如果你超过等级了，没有去做，就会接不到这个任务了……<br />就比如，满级了再去做本来114级的那个阵营任务，就接不到了，那更加严重的后果就是开不了世界任务，导致满级了没事儿干。<br />目前我们公会满级的肝帝碰到了这个bug…… ​​​...<a href=""/status/4273038709631355"">全文</a>",08-14,夏一可死毒舌
配音，解说。主要作品《我叫MT》美屡、法丝，《一可教你打魔兽》 游戏视频自媒体<br>在CV梦想路上狂奔的一条疯狗。工作邮箱：eviless@vip.qq.com 商务合作请邮件联系。,https://m.weibo.cn/status/GuCF9oQic?mblogid=GuCF9oQic&luicode=10000011&lfid=1076031310630777,"<a  href=""https://m.weibo.cn/p/searchall?containerid=231522type%3D1%26q%3D%23%E9%AD%94%E5%85%BD%E4%B8%96%E7%95%8C%23%26t%3D10&isnewpage=1&luicode=10000011&lfid=1076031310630777"" data-hide=""""><span class=""surl-text"">#魔兽世界#</span></a>8.0部落方任务线剧情CG，剧透预警。<br />顺便碎碎念一波……赞达拉国王为挽救国家，向巨魔死神邦桑迪寻求力量，但这个邦桑迪同时也是沃金的信仰神，然后希尔瓦娜斯是沃金说“万神降下旨意”的大酋长，希尔瓦娜斯无疑代表着死亡……<br />emmmm，总觉得，这版本估计还有原部落大酋长的戏份。<br />总觉得， ​​​...<a href=""/status/4272984635920888"">全文</a>",08-14,夏一可死毒舌
配音，解说。主要作品《我叫MT》美屡、法丝，《一可教你打魔兽》 游戏视频自媒体<br>在CV梦想路上狂奔的一条疯狗。工作邮箱：eviless@vip.qq.com 商务合作请邮件联系。,https://m.weibo.cn/status/GuC8flzNY?mblogid=GuC8flzNY&luicode=10000011&l